config	query	hits	answer_len	tp	precision	recall	f1	runtime
unfiltered	M0003	6000	95	87	0.0450	0.9158	0.0858	1.91
unfiltered	M0010	6000	15	14	0.0065	0.9333	0.0129	2.09
unfiltered	M0019	6000	22	22	0.0142	1.0000	0.0280	3.14
unfiltered	M0020	6000	120	111	0.0623	0.9250	0.1167	2.48
unfiltered	M0028	6000	22	20	0.0152	0.9091	0.0299	2.09
unfiltered	M0031	6000	321	312	0.1537	0.9720	0.2654	2.39
unfiltered	M0033	6000	15	14	0.0076	0.9333	0.0152	2.68
unfiltered	M0040	6000	61	15	0.0082	0.2459	0.0158	2.05
unfiltered	M0043	6000	22	21	0.0118	0.9545	0.0232	2.09
unfiltered	M0044	6000	75	70	0.0360	0.9333	0.0693	8.00
unfiltered	M0048	6000	104	98	0.0593	0.9423	0.1116	3.04
unfiltered	M0054	5581	46	44	0.0241	0.9565	0.0469	2.21
unfiltered	M0058	6000	42	33	0.0207	0.7857	0.0404	3.27
unfiltered	M0065	6000	56	44	0.0214	0.7857	0.0417	1.87
unfiltered	M0066	6000	60	36	0.0148	0.6000	0.0290	2.09
unfiltered	M0067	6000	42	13	0.0074	0.3095	0.0145	2.76
unfiltered	M0070	2980	172	10	0.0125	0.0581	0.0206	1.18
unfiltered	M0075	6000	3	3	0.0015	1.0000	0.0031	4.73
unfiltered	M0076	6000	102	92	0.0517	0.9020	0.0979	2.07
unfiltered	M0077	6000	108	81	0.0509	0.7500	0.0953	1.10
unfiltered	M0081	6000	10	10	0.0056	1.0000	0.0112	4.68
unfiltered	M0085	6000	12	11	0.0063	0.9167	0.0125	3.10
unfiltered	M0087	6000	72	64	0.0354	0.8889	0.0681	2.10
unfiltered	M0090	6000	61	60	0.0324	0.9836	0.0627	8.95
unfiltered	M0092	6000	43	41	0.0188	0.9535	0.0369	3.10
unfiltered	M0093	6000	24	24	0.0142	1.0000	0.0279	4.50
unfiltered	M0096	3668	24	8	0.0069	0.3333	0.0135	1.25
unfiltered	M0100	6000	381	281	0.2038	0.7375	0.3193	2.48
unfiltered	M0104	6000	12	5	0.0029	0.4167	0.0058	5.62
unfiltered	M0107	6000	78	18	0.0087	0.2308	0.0168	2.00
unfiltered	M0108	6000	178	60	0.0299	0.3371	0.0549	1.87
unfiltered	M0109	6000	212	202	0.1107	0.9528	0.1984	3.85
unfiltered	M0111	6000	11	7	0.0036	0.6364	0.0071	3.04
unfiltered	M0117	5893	121	112	0.0490	0.9256	0.0930	1.81
unfiltered	M0118	6000	108	107	0.0575	0.9907	0.1087	3.56
unfiltered	M0121	6000	55	17	0.0098	0.3091	0.0190	2.43
unfiltered	M0122	6000	29	25	0.0128	0.8621	0.0252	1.74
unfiltered	M0123	6000	29	10	0.0064	0.3448	0.0125	4.48
unfiltered	M0125	6000	40	37	0.0204	0.9250	0.0399	1.61
unfiltered	M0131	6000	48	38	0.0189	0.7917	0.0368	1.34
unfiltered	M0134	6000	56	56	0.0253	1.0000	0.0493	1.67
unfiltered	M0136	6000	11	11	0.0067	1.0000	0.0132	3.64
unfiltered	M0139	4585	78	46	0.0340	0.5897	0.0644	2.59
unfiltered	M0141	6000	27	9	0.0051	0.3333	0.0101	6.89
unfiltered	M0142	6000	15	8	0.0050	0.5333	0.0099	2.51
unfiltered	M0154	2933	63	60	0.0571	0.9524	0.1077	1.46
unfiltered	M0159	6000	161	148	0.0724	0.9193	0.1342	2.62
unfiltered	M0163	6000	55	52	0.0276	0.9455	0.0536	2.40
unfiltered	M0172	6000	20	19	0.0090	0.9500	0.0179	1.88
unfiltered	M0175	6000	830	821	0.2660	0.9892	0.4192	2.27
unfiltered	M0178	6000	303	203	0.1063	0.6700	0.1835	2.92
unfiltered	M0181	6000	9	9	0.0054	1.0000	0.0107	5.78
unfiltered	M0188	6000	120	25	0.0166	0.2083	0.0308	1.51
unfiltered	M0194	6000	70	69	0.0373	0.9857	0.0718	2.57
unfiltered	M0201	6000	45	16	0.0103	0.3556	0.0200	2.20
unfiltered	M0202	1818	1	1	0.0021	1.0000	0.0041	0.98
unfiltered	M0205	6000	263	260	0.1345	0.9886	0.2368	3.28
unfiltered	M0206	6000	80	78	0.0466	0.9750	0.0889	9.62
unfiltered	M0210	6000	224	148	0.0814	0.6607	0.1449	1.72
unfiltered	M0212	6000	97	62	0.0344	0.6392	0.0653	3.30
unfiltered	M0216	6000	1167	1156	0.4173	0.9906	0.5872	1.45
unfiltered	M0227	6000	40	23	0.0133	0.5750	0.0260	1.52
unfiltered	M0228	6000	122	29	0.0121	0.2377	0.0231	2.64
unfiltered	M0231	6000	16	16	0.0084	1.0000	0.0167	2.55
unfiltered	M0234	6000	19	15	0.0076	0.7895	0.0150	3.34
unfiltered	M0235	2591	18	12	0.0181	0.6667	0.0352	1.29
unfiltered	M0237	6000	616	93	0.0801	0.1510	0.1047	2.57
unfiltered	M0243	6000	14	14	0.0084	1.0000	0.0166	2.39
unfiltered	M0250	6000	15	15	0.0081	1.0000	0.0161	1.47
unfiltered	M0253	6000	240	237	0.1284	0.9875	0.2272	4.77
unfiltered	M0254	6000	19	19	0.0101	1.0000	0.0201	7.69
unfiltered	M0257	6000	256	250	0.1267	0.9766	0.2243	3.21
unfiltered	M0260	6000	22	22	0.0115	1.0000	0.0228	3.18
unfiltered	M0261	6000	23	20	0.0106	0.8696	0.0209	1.72
unfiltered	M0262	6000	20	20	0.0115	1.0000	0.0227	7.57
unfiltered	M0263	6000	51	22	0.0124	0.4314	0.0241	1.75
unfiltered	M0266	6000	47	43	0.0285	0.9149	0.0552	3.48
unfiltered	M0272	6000	45	39	0.0215	0.8667	0.0419	2.82
unfiltered	M0278	2294	105	98	0.0981	0.9333	0.1775	1.08
unfiltered	M0281	6000	3	3	0.0019	1.0000	0.0038	2.25
unfiltered	M0293	6000	62	55	0.0302	0.8871	0.0584	2.03
unfiltered	M0294	6000	116	112	0.0761	0.9655	0.1411	4.56
unfiltered	M0297	3582	18	3	0.0029	0.1667	0.0057	1.04
unfiltered	M0298	6000	366	30	0.0177	0.0820	0.0291	2.50
unfiltered	M0301	6000	52	39	0.0181	0.7500	0.0353	1.86
unfiltered	M0308	6000	174	174	0.1015	1.0000	0.1843	4.27
unfiltered	M0311	6000	84	84	0.0741	1.0000	0.1380	5.47
unfiltered	M0313	6000	19	19	0.0128	1.0000	0.0252	3.10
unfiltered	M0314	6000	48	35	0.0246	0.7292	0.0475	5.14
unfiltered	M0321	6000	25	18	0.0091	0.7200	0.0180	2.34
unfiltered	M0334	6000	23	23	0.0136	1.0000	0.0268	2.66
unfiltered	M0338	6000	28	18	0.0094	0.6429	0.0186	3.05
unfiltered	M0346	6000	143	20	0.0118	0.1399	0.0218	2.41
unfiltered	M0348	6000	180	122	0.4469	0.6778	0.5386	3.68
unfiltered	M0351	4347	26	22	0.0265	0.8462	0.0513	1.40
unfiltered	M0353	6000	14	9	0.0056	0.6429	0.0110	4.17
unfiltered	M0357	2313	6	5	0.0066	0.8333	0.0131	1.78
unfiltered	M0358	6000	1	1	0.0006	1.0000	0.0011	3.60
unfiltered	M0363	6000	66	11	0.0049	0.1667	0.0095	1.53
unfiltered	M0369	6000	87	35	0.0174	0.4023	0.0333	2.42
unfiltered	M0371	6000	123	116	0.0569	0.9431	0.1074	1.57
unfiltered	M0376	6000	42	42	0.0271	1.0000	0.0529	2.05
unfiltered	M0377	6000	215	143	0.5437	0.6651	0.5983	6.51
unfiltered	M0379	6000	121	121	0.0748	1.0000	0.1392	3.32
unfiltered	M0380	6000	27	20	0.0126	0.7407	0.0248	1.88
unfiltered	M0381	4142	76	51	0.0376	0.6711	0.0711	0.99
unfiltered	M0383	6000	131	106	0.0588	0.8092	0.1097	2.95
unfiltered	M0384	6000	107	60	0.0280	0.5607	0.0533	1.36
unfiltered	M0386	6000	5	5	0.0027	1.0000	0.0053	4.94
unfiltered	M0387	6000	2182	1344	0.9263	0.6159	0.7399	1.27
unfiltered	M0391	6000	15	11	0.0057	0.7333	0.0114	1.38
unfiltered	M0398	6000	37	37	0.0198	1.0000	0.0389	1.92
unfiltered	M0401	6000	396	163	0.1080	0.4116	0.1711	3.52
unfiltered	M0403	6000	17	17	0.0079	1.0000	0.0157	1.84
unfiltered	M0410	6000	34	29	0.0165	0.8529	0.0324	2.99
unfiltered	M0412	6000	61	47	0.0274	0.7705	0.0530	2.22
unfiltered	M0414	6000	83	82	0.0435	0.9880	0.0832	1.85
unfiltered	M0416	6000	5	5	0.0023	1.0000	0.0046	4.33
unfiltered	M0420	6000	18	15	0.0073	0.8333	0.0145	1.78
unfiltered	M0423	6000	99	20	0.0115	0.2020	0.0218	2.24
unfiltered	M0425	6000	2202	673	0.4348	0.3056	0.3589	1.39
unfiltered	M0426	6000	20	20	0.0101	1.0000	0.0199	1.91
unfiltered	M0428	6000	11	11	0.0080	1.0000	0.0158	2.72
unfiltered	M0429	6000	48	48	0.0264	1.0000	0.0515	3.98
unfiltered	M0431	6000	4	4	0.0020	1.0000	0.0039	1.76
unfiltered	M0433	6000	214	107	0.0589	0.5000	0.1054	3.94
unfiltered	M0434	6000	13	13	0.0074	1.0000	0.0147	2.72
unfiltered	M0435	6000	88	54	0.0349	0.6136	0.0660	10.57
unfiltered	M0440	6000	50	41	0.0193	0.8200	0.0376	2.95
unfiltered	M0444	6000	84	84	0.0340	1.0000	0.0657	1.36
unfiltered	M0447	6000	6	5	0.0027	0.8333	0.0053	2.28
unfiltered	M0448	6000	8	2	0.0011	0.2500	0.0021	2.54
unfiltered	M0453	6000	66	66	0.0414	1.0000	0.0796	2.94
unfiltered	M0454	6000	15	15	0.0101	1.0000	0.0200	2.48
unfiltered	M0456	1809	18	9	0.0127	0.5000	0.0247	0.78
unfiltered	M0458	6000	26	20	0.0101	0.7692	0.0198	1.43
unfiltered	M0462	6000	50	49	0.0256	0.9800	0.0499	2.24
unfiltered	M0466	6000	194	129	0.0699	0.6649	0.1265	6.98
unfiltered	M0472	6000	97	96	0.0550	0.9897	0.1042	3.18
unfiltered	M0477	6000	72	70	0.0344	0.9722	0.0664	1.81
unfiltered	M0484	6000	102	102	0.0507	1.0000	0.0966	3.80
unfiltered	M0488	6000	7	7	0.0045	1.0000	0.0089	3.20
unfiltered	M0497	6000	16	15	0.0092	0.9375	0.0182	2.50
unfiltered	M0502	6000	129	10	0.0058	0.0775	0.0107	3.03
unfiltered	M0505	6000	28	3	0.0017	0.1071	0.0034	2.54
unfiltered	M0506	6000	117	98	0.0553	0.8376	0.1037	2.03
unfiltered	M0508	6000	8	8	0.0040	1.0000	0.0079	3.46
unfiltered	M0510	6000	63	62	0.0305	0.9841	0.0592	2.75
unfiltered	M0515	6000	21	19	0.0091	0.9048	0.0180	2.42
unfiltered	M0519	6000	20	19	0.0102	0.9500	0.0203	7.39
unfiltered	M0520	6000	446	415	0.2800	0.9305	0.4305	2.33
unfiltered	M0544	6000	14	12	0.0068	0.8571	0.0135	2.69
unfiltered	M0545	6000	20	20	0.0104	1.0000	0.0207	3.23
unfiltered	M0547	6000	8	5	0.0022	0.6250	0.0045	2.22
unfiltered	M0550	6000	21	10	0.0047	0.4762	0.0093	4.45
unfiltered	M0563	672	32	1	0.0042	0.0312	0.0074	0.34
unfiltered	M0564	6000	400	376	0.2490	0.9400	0.3937	2.17
unfiltered	M0565	4114	14	6	0.0030	0.4286	0.0059	1.80
unfiltered	M0574	6000	134	116	0.0678	0.8657	0.1258	1.71
unfiltered	M0580	6000	10	10	0.0049	1.0000	0.0098	2.17
unfiltered	M0589	6000	69	24	0.0125	0.3478	0.0242	1.60
unfiltered	M0590	6000	20	17	0.0096	0.8500	0.0190	1.68
unfiltered	M0597	6000	28	23	0.0121	0.8214	0.0238	2.28
unfiltered	M0600	6000	79	79	0.0466	1.0000	0.0890	1.73
unfiltered	M0609	6000	86	84	0.0592	0.9767	0.1116	1.01
unfiltered	M0612	6000	92	85	0.0531	0.9239	0.1004	4.45
unfiltered	M0616	6000	6	6	0.0031	1.0000	0.0062	2.24
unfiltered	M0623	6000	17	17	0.0076	1.0000	0.0151	2.01
unfiltered	M0625	4128	9	4	0.0032	0.4444	0.0063	2.69
unfiltered	M0634	6000	10	10	0.0065	1.0000	0.0129	3.52
unfiltered	M0636	6000	17	16	0.0097	0.9412	0.0193	1.29
unfiltered	M0642	3929	31	8	0.0061	0.2581	0.0120	1.05
unfiltered	M0651	6000	65	27	0.0138	0.4154	0.0266	1.35
unfiltered	M0653	6000	26	13	0.0074	0.5000	0.0145	2.86
unfiltered	M0655	4502	7	4	0.0027	0.5714	0.0055	1.91
unfiltered	M0658	6000	13	13	0.0084	1.0000	0.0166	1.69
unfiltered	M0663	6000	97	54	0.0351	0.5567	0.0661	2.42
unfiltered	M0669	6000	11	8	0.0042	0.7273	0.0083	2.30
unfiltered	M0674	6000	38	13	0.0082	0.3421	0.0159	3.28
unfiltered	M0682	4224	329	296	0.4100	0.8997	0.5633	0.69
unfiltered	M0683	6000	30	30	0.0161	1.0000	0.0318	2.55
unfiltered	M0693	6000	412	394	0.2537	0.9563	0.4010	2.25
unfiltered	M0697	2641	156	136	0.2386	0.8718	0.3747	0.83
unfiltered	M0709	6000	351	200	0.0886	0.5698	0.1533	1.25
unfiltered	M0727	6000	24	23	0.0146	0.9583	0.0289	1.85
unfiltered	M0732	6000	20	6	0.0039	0.3000	0.0077	2.27
unfiltered	M0734	6000	10	3	0.0017	0.3000	0.0034	2.70
unfiltered	M0736	6000	4	4	0.0019	1.0000	0.0039	4.84
unfiltered	M0738	6000	16	16	0.0105	1.0000	0.0208	2.82
unfiltered	M0742	3621	3	3	0.0028	1.0000	0.0055	1.86
unfiltered	M0748	6000	20	20	0.0112	1.0000	0.0222	1.82
unfiltered	M0752	6000	9	9	0.0048	1.0000	0.0095	2.60
unfiltered	M0754	6000	13	8	0.0038	0.6154	0.0076	1.61
unfiltered	M0755	6000	12	11	0.0062	0.9167	0.0122	1.53
unfiltered	M0759	6000	80	62	0.0326	0.7750	0.0627	3.04
unfiltered	M0768	6000	237	20	0.0105	0.0844	0.0187	2.40
unfiltered	M0771	3219	285	106	0.1244	0.3719	0.1865	1.44
unfiltered	M0781	6000	8	7	0.0031	0.8750	0.0062	2.81
unfiltered	M0789	4536	62	56	0.0432	0.9032	0.0825	2.02
unfiltered	M0792	6000	11	3	0.0019	0.2727	0.0038	4.71
unfiltered	M0795	6000	80	60	0.0317	0.7500	0.0609	4.01
unfiltered	M0798	6000	2197	1361	0.9303	0.6195	0.7437	1.18
unfiltered	M0806	6000	5	5	0.0033	1.0000	0.0066	1.41
unfiltered	M0808	6000	5	4	0.0023	0.8000	0.0045	1.95
unfiltered	M0810	6000	38	38	0.0200	1.0000	0.0392	2.33
unfiltered	M0815	6000	243	218	0.1732	0.8971	0.2903	2.04
unfiltered	M0816	6000	242	76	0.0545	0.3140	0.0929	1.85
unfiltered	M0819	5889	26	26	0.0158	1.0000	0.0312	2.09
unfiltered	M0822	6000	3	3	0.0016	1.0000	0.0032	2.47
unfiltered	M0826	6000	22	19	0.0115	0.8636	0.0228	1.66
unfiltered	M0829	6000	7	7	0.0036	1.0000	0.0072	1.73
unfiltered	M0835	6000	62	53	0.0288	0.8548	0.0557	3.14
unfiltered	M0843	3886	17	12	0.0097	0.7059	0.0191	1.83
unfiltered	M0850	6000	40	19	0.0113	0.4750	0.0221	3.28
unfiltered	M0851	437	24	4	0.0216	0.1667	0.0383	0.24
unfiltered	M0854	6000	136	93	0.0669	0.6838	0.1219	2.25
unfiltered	M0855	6000	55	30	0.0155	0.5455	0.0301	2.54
unfiltered	M0857	6000	13	10	0.0057	0.7692	0.0113	1.73
unfiltered	M0858	6000	353	344	0.1595	0.9745	0.2741	1.83
unfiltered	M0860	3585	14	5	0.0048	0.3571	0.0095	1.45
unfiltered	M0862	6000	21	17	0.0076	0.8095	0.0151	1.68
unfiltered	M0869	6000	6	6	0.0034	1.0000	0.0068	2.01
unfiltered	M0874	6000	4	3	0.0017	0.7500	0.0034	2.10
unfiltered	M0879	1869	38	7	0.0116	0.1842	0.0218	0.83
unfiltered	M0881	6000	157	156	0.0773	0.9936	0.1435	2.54
unfiltered	M0884	6000	24	20	0.0118	0.8333	0.0232	2.07
unfiltered	M0885	6000	17	15	0.0099	0.8824	0.0195	4.92
unfiltered	M0895	6000	131	14	0.0102	0.1069	0.0186	2.24
unfiltered	M0900	5256	448	416	0.3077	0.9286	0.4622	1.89
unfiltered	M0905	6000	231	172	0.1054	0.7446	0.1846	3.54
unfiltered	M0906	6000	266	258	0.1194	0.9699	0.2127	1.56
unfiltered	M0908	6000	79	73	0.0292	0.9241	0.0567	1.82
unfiltered	M0910	6000	8	8	0.0039	1.0000	0.0078	1.96
unfiltered	M0916	6000	1	1	0.0006	1.0000	0.0011	1.75
unfiltered	M0918	6000	140	75	0.0506	0.5357	0.0925	2.44
unfiltered	M0919	6000	19	18	0.0094	0.9474	0.0186	1.70
unfiltered	M0920	2137	39	23	0.0340	0.5897	0.0643	1.23
unfiltered	M0925	6000	24	7	0.0034	0.2917	0.0067	2.37
unfiltered	M0931	6000	74	67	0.0316	0.9054	0.0612	2.79
unfiltered	M0937	6000	32	28	0.0155	0.8750	0.0304	2.32
unfiltered	M0939	6000	27	9	0.0048	0.3333	0.0095	2.17
unfiltered	M0940	6000	122	95	0.3156	0.7787	0.4492	2.83
unfiltered	M0947	6000	68	32	0.0208	0.4706	0.0399	3.34
unfiltered	M0952	6000	89	6	0.0037	0.0674	0.0071	3.37
unfiltered	M0957	6000	223	115	0.2854	0.5157	0.3674	2.53
unfiltered	M0958	6000	243	108	0.2517	0.4444	0.3214	2.58
unfiltered	M0959	6000	178	118	0.2957	0.6629	0.4090	3.92
unfiltered	M0961	6000	155	91	0.5084	0.5871	0.5449	2.95
unfiltered	M0962	6000	147	122	0.7722	0.8299	0.8000	2.14
unfiltered	M0964	6000	69	45	0.0252	0.6522	0.0486	1.71
confident	M0003	186	95	19	0.4872	0.2000	0.2836	1.84
confident	M0010	70	15	14	1.0000	0.9333	0.9655	2.01
confident	M0019	33	22	22	0.9565	1.0000	0.9778	2.96
confident	M0020	375	120	81	1.0000	0.6750	0.8060	2.41
confident	M0028	74	22	20	0.6897	0.9091	0.7843	2.11
confident	M0031	727	321	238	1.0000	0.7414	0.8515	1.65
confident	M0033	19	15	10	1.0000	0.6667	0.8000	2.26
confident	M0040	16	61	12	1.0000	0.1967	0.3288	2.37
confident	M0043	61	22	20	1.0000	0.9091	0.9524	2.58
confident	M0044	41	75	20	1.0000	0.2667	0.4211	7.71
confident	M0048	284	104	67	1.0000	0.6442	0.7836	2.97
confident	M0054	98	46	34	0.9444	0.7391	0.8293	2.92
confident	M0058	74	42	18	0.9000	0.4286	0.5806	2.90
confident	M0065	49	56	34	1.0000	0.6071	0.7556	1.62
confident	M0066	92	60	17	1.0000	0.2833	0.4416	2.13
confident	M0067	19	42	4	0.8000	0.0952	0.1702	2.38
confident	M0070	260	172	8	0.6667	0.0465	0.0870	1.12
confident	M0075	24	3	2	0.2222	0.6667	0.3333	4.99
confident	M0076	857	102	92	0.3395	0.9020	0.4933	2.07
confident	M0077	447	108	51	1.0000	0.4722	0.6415	1.12
confident	M0081	8	10	4	1.0000	0.4000	0.5714	4.52
confident	M0085	46	12	8	1.0000	0.6667	0.8000	2.68
confident	M0087	78	72	58	1.0000	0.8056	0.8923	1.82
confident	M0090	205	61	57	0.9828	0.9344	0.9580	8.69
confident	M0092	122	43	29	1.0000	0.6744	0.8056	3.59
confident	M0093	1	24	1	1.0000	0.0417	0.0800	4.21
confident	M0096	4	24	2	0.6667	0.0833	0.1481	1.45
confident	M0100	2012	381	169	1.0000	0.4436	0.6145	2.48
confident	M0104	10	12	5	1.0000	0.4167	0.5882	4.93
confident	M0107	60	78	6	1.0000	0.0769	0.1429	2.23
confident	M0108	4	178	1	1.0000	0.0056	0.0112	1.63
confident	M0109	304	212	99	1.0000	0.4670	0.6367	3.43
confident	M0111	0	11	0	NaN	0.0000	NaN	2.89
confident	M0117	146	121	39	1.0000	0.3223	0.4875	2.12
confident	M0118	0	108	0	NaN	0.0000	NaN	3.89
confident	M0121	0	55	0	NaN	0.0000	NaN	2.78
confident	M0122	12	29	4	1.0000	0.1379	0.2424	2.03
confident	M0123	18	29	7	1.0000	0.2414	0.3889	4.36
confident	M0125	42	40	17	1.0000	0.4250	0.5965	1.85
confident	M0131	40	48	37	1.0000	0.7708	0.8706	1.58
confident	M0134	90	56	55	1.0000	0.9821	0.9910	2.23
confident	M0136	44	11	9	0.9000	0.8182	0.8571	3.58
confident	M0139	554	78	43	0.3308	0.5513	0.4135	2.45
confident	M0141	2	27	1	1.0000	0.0370	0.0714	6.75
confident	M0142	6	15	5	1.0000	0.3333	0.5000	2.86
confident	M0154	129	63	52	0.9286	0.8254	0.8739	1.46
confident	M0159	30	161	17	0.9444	0.1056	0.1899	2.00
confident	M0163	31	55	27	0.9643	0.4909	0.6506	1.94
confident	M0172	419	20	14	0.0805	0.7000	0.1443	1.86
confident	M0175	1935	830	563	0.3385	0.6783	0.4517	2.10
confident	M0178	198	303	160	1.0000	0.5281	0.6911	2.88
confident	M0181	4	9	3	1.0000	0.3333	0.5000	5.79
confident	M0188	1670	120	21	0.0814	0.1750	0.1111	1.48
confident	M0194	39	70	20	1.0000	0.2857	0.4444	2.69
confident	M0201	73	45	10	0.7692	0.2222	0.3448	2.25
confident	M0202	17	1	1	0.3333	1.0000	0.5000	1.18
confident	M0205	215	263	169	1.0000	0.6426	0.7824	2.94
confident	M0206	39	80	30	1.0000	0.3750	0.5455	9.46
confident	M0210	9	224	4	1.0000	0.0179	0.0351	1.88
confident	M0212	0	97	0	NaN	0.0000	NaN	3.43
confident	M0216	1435	1167	1103	1.0000	0.9452	0.9718	1.67
confident	M0227	39	40	14	1.0000	0.3500	0.5185	1.89
confident	M0228	206	122	21	0.8400	0.1721	0.2857	2.21
confident	M0231	37	16	14	1.0000	0.8750	0.9333	2.41
confident	M0234	0	19	0	NaN	0.0000	NaN	3.32
confident	M0235	120	18	6	0.1250	0.3333	0.1818	1.16
confident	M0237	2285	616	92	0.6917	0.1494	0.2457	2.26
confident	M0243	57	14	13	1.0000	0.9286	0.9630	2.01
confident	M0250	17	15	15	1.0000	1.0000	1.0000	1.93
confident	M0253	21	240	20	1.0000	0.0833	0.1538	5.02
confident	M0254	47	19	18	1.0000	0.9474	0.9730	6.34
confident	M0257	273	256	97	1.0000	0.3789	0.5496	3.09
confident	M0260	12	22	12	1.0000	0.5455	0.7059	3.04
confident	M0261	18	23	8	1.0000	0.3478	0.5161	2.03
confident	M0262	18	20	13	1.0000	0.6500	0.7879	7.40
confident	M0263	26	51	6	0.6667	0.1176	0.2000	2.04
confident	M0266	20	47	11	1.0000	0.2340	0.3793	3.48
confident	M0272	2	45	1	1.0000	0.0222	0.0435	3.10
confident	M0278	246	105	93	0.6596	0.8857	0.7561	0.95
confident	M0281	4	3	2	1.0000	0.6667	0.8000	2.53
confident	M0293	32	62	28	1.0000	0.4516	0.6222	1.87
confident	M0294	347	116	71	1.0000	0.6121	0.7594	4.98
confident	M0297	2	18	1	0.5000	0.0556	0.1000	1.13
confident	M0298	84	366	1	1.0000	0.0027	0.0054	2.59
confident	M0301	40	52	17	1.0000	0.3269	0.4928	2.04
confident	M0308	256	174	153	1.0000	0.8793	0.9358	4.08
confident	M0311	34	84	15	1.0000	0.1786	0.3030	5.34
confident	M0313	161	19	14	0.1176	0.7368	0.2029	2.74
confident	M0314	0	48	0	NaN	0.0000	NaN	4.69
confident	M0321	245	25	14	0.2800	0.5600	0.3733	2.36
confident	M0334	39	23	21	1.0000	0.9130	0.9545	2.40
confident	M0338	21	28	1	0.1667	0.0357	0.0588	3.09
confident	M0346	418	143	6	1.0000	0.0420	0.0805	1.91
confident	M0348	2267	180	54	0.9818	0.3000	0.4596	3.17
confident	M0351	73	26	16	0.4706	0.6154	0.5333	1.28
confident	M0353	51	14	7	0.3500	0.5000	0.4118	3.91
confident	M0357	31	6	5	0.8333	0.8333	0.8333	1.48
confident	M0358	4	1	1	1.0000	1.0000	1.0000	4.09
confident	M0363	3	66	2	1.0000	0.0303	0.0588	1.84
confident	M0369	22	87	7	1.0000	0.0805	0.1489	2.51
confident	M0371	325	123	49	0.8448	0.3984	0.5414	1.48
confident	M0376	199	42	40	0.5333	0.9524	0.6838	2.00
confident	M0377	739	215	19	1.0000	0.0884	0.1624	5.70
confident	M0379	149	121	55	0.9322	0.4545	0.6111	4.31
confident	M0380	22	27	17	1.0000	0.6296	0.7727	2.11
confident	M0381	243	76	45	0.6250	0.5921	0.6081	1.31
confident	M0383	36	131	36	1.0000	0.2748	0.4311	3.20
confident	M0384	0	107	0	NaN	0.0000	NaN	1.94
confident	M0386	79	5	4	0.2500	0.8000	0.3810	5.10
confident	M0387	6000	2182	1344	0.9263	0.6159	0.7399	1.07
confident	M0391	344	15	11	0.0866	0.7333	0.1549	1.48
confident	M0398	95	37	37	0.9024	1.0000	0.9487	1.82
confident	M0401	99	396	7	0.3684	0.0177	0.0337	3.45
confident	M0403	459	17	17	0.0846	1.0000	0.1560	1.56
confident	M0410	12	34	2	1.0000	0.0588	0.1111	2.73
confident	M0412	290	61	18	0.2169	0.2951	0.2500	2.41
confident	M0414	240	83	78	1.0000	0.9398	0.9689	2.01
confident	M0416	5	5	5	1.0000	1.0000	1.0000	4.38
confident	M0420	13	18	6	1.0000	0.3333	0.5000	1.52
confident	M0423	48	99	11	1.0000	0.1111	0.2000	2.18
confident	M0425	2050	2202	446	0.9675	0.2025	0.3350	1.05
confident	M0426	18	20	16	1.0000	0.8000	0.8889	1.72
confident	M0428	1887	11	11	0.0400	1.0000	0.0769	2.79
confident	M0429	97	48	40	0.9524	0.8333	0.8889	3.61
confident	M0431	154	4	4	0.1538	1.0000	0.2667	1.49
confident	M0433	440	214	9	0.1084	0.0421	0.0606	3.59
confident	M0434	30	13	12	0.9231	0.9231	0.9231	2.80
confident	M0435	0	88	0	NaN	0.0000	NaN	9.04
confident	M0440	21	50	18	1.0000	0.3600	0.5294	3.04
confident	M0444	139	84	65	0.9155	0.7738	0.8387	1.45
confident	M0447	61	6	4	0.1000	0.6667	0.1739	2.31
confident	M0448	403	8	1	0.0370	0.1250	0.0571	2.54
confident	M0453	18	66	5	1.0000	0.0758	0.1408	2.92
confident	M0454	49	15	13	0.9286	0.8667	0.8966	2.47
confident	M0456	379	18	4	0.0200	0.2222	0.0367	0.70
confident	M0458	172	26	20	0.4444	0.7692	0.5634	1.36
confident	M0462	162	50	45	0.8182	0.9000	0.8571	2.24
confident	M0466	12	194	2	1.0000	0.0103	0.0204	7.97
confident	M0472	355	97	95	1.0000	0.9794	0.9896	2.88
confident	M0477	112	72	58	1.0000	0.8056	0.8923	1.80
confident	M0484	117	102	87	1.0000	0.8529	0.9206	3.66
confident	M0488	30	7	7	0.8750	1.0000	0.9333	3.18
confident	M0497	26	16	12	1.0000	0.7500	0.8571	2.22
confident	M0502	180	129	4	1.0000	0.0310	0.0602	3.65
confident	M0505	6	28	3	1.0000	0.1071	0.1935	2.39
confident	M0506	238	117	78	0.9750	0.6667	0.7919	2.18
confident	M0508	0	8	0	NaN	0.0000	NaN	3.50
confident	M0510	214	63	48	0.6667	0.7619	0.7111	2.86
confident	M0515	52	21	16	1.0000	0.7619	0.8649	2.14
confident	M0519	16	20	10	1.0000	0.5000	0.6667	7.79
confident	M0520	1477	446	311	0.9968	0.6973	0.8206	2.48
confident	M0544	2	14	2	1.0000	0.1429	0.2500	2.74
confident	M0545	97	20	14	0.5385	0.7000	0.6087	3.65
confident	M0547	38	8	5	1.0000	0.6250	0.7692	2.09
confident	M0550	107	21	8	0.1633	0.3810	0.2286	5.30
confident	M0563	0	32	0	NaN	0.0000	NaN	0.29
confident	M0564	1529	400	354	0.9267	0.8850	0.9054	2.04
confident	M0565	13	14	5	0.8333	0.3571	0.5000	1.77
confident	M0574	1055	134	87	0.7699	0.6493	0.7045	2.13
confident	M0580	36	10	8	1.0000	0.8000	0.8889	1.87
confident	M0589	2	69	2	1.0000	0.0290	0.0563	1.45
confident	M0590	8	20	3	1.0000	0.1500	0.2609	2.02
confident	M0597	29	28	16	0.7619	0.5714	0.6531	2.06
confident	M0600	225	79	54	0.5934	0.6835	0.6353	2.14
confident	M0609	6000	86	84	0.0592	0.9767	0.1116	1.33
confident	M0612	273	92	82	0.6777	0.8913	0.7700	4.33
confident	M0616	128	6	6	0.1250	1.0000	0.2222	2.24
confident	M0623	26	17	17	0.9444	1.0000	0.9714	2.02
confident	M0625	0	9	0	NaN	0.0000	NaN	2.22
confident	M0634	15	10	9	0.9000	0.9000	0.9000	3.27
confident	M0636	101	17	7	0.2121	0.4118	0.2800	1.24
confident	M0642	0	31	0	NaN	0.0000	NaN	1.39
confident	M0651	86	65	9	0.3600	0.1385	0.2000	1.66
confident	M0653	24	26	5	1.0000	0.1923	0.3226	2.79
confident	M0655	23	7	3	0.5000	0.4286	0.4615	2.03
confident	M0658	817	13	12	0.0727	0.9231	0.1348	1.55
confident	M0663	191	97	15	0.3333	0.1546	0.2113	2.71
confident	M0669	46	11	4	0.1739	0.3636	0.2353	1.88
confident	M0674	123	38	4	0.1176	0.1053	0.1111	3.19
confident	M0682	1668	329	241	0.8669	0.7325	0.7941	0.78
confident	M0683	34	30	13	1.0000	0.4333	0.6047	2.06
confident	M0693	1536	412	364	0.9455	0.8835	0.9134	2.63
confident	M0697	528	156	74	0.8916	0.4744	0.6192	0.80
confident	M0709	108	351	3	0.0833	0.0085	0.0155	1.35
confident	M0727	39	24	16	0.7619	0.6667	0.7111	2.20
confident	M0732	30	20	4	1.0000	0.2000	0.3333	2.30
confident	M0734	3	10	2	1.0000	0.2000	0.3333	2.37
confident	M0736	0	4	0	NaN	0.0000	NaN	4.61
confident	M0738	76	16	6	0.2143	0.3750	0.2727	3.90
confident	M0742	15	3	3	0.3750	1.0000	0.5455	2.03
confident	M0748	453	20	20	0.1325	1.0000	0.2339	1.75
confident	M0752	42	9	8	0.3478	0.8889	0.5000	2.70
confident	M0754	47	13	4	0.2667	0.3077	0.2857	1.42
confident	M0755	39	12	11	0.4231	0.9167	0.5789	1.40
confident	M0759	0	80	0	NaN	0.0000	NaN	2.74
confident	M0768	22	237	16	1.0000	0.0675	0.1265	2.00
confident	M0771	265	285	27	0.5000	0.0947	0.1593	1.17
confident	M0781	5	8	5	1.0000	0.6250	0.7692	2.72
confident	M0789	78	62	18	0.9000	0.2903	0.4390	1.90
confident	M0792	2	11	1	1.0000	0.0909	0.1667	3.62
confident	M0795	3	80	1	1.0000	0.0125	0.0247	4.05
confident	M0798	6000	2197	1361	0.9303	0.6195	0.7437	1.04
confident	M0806	86	5	1	0.0526	0.2000	0.0833	1.72
confident	M0808	24	5	4	1.0000	0.8000	0.8889	2.30
confident	M0810	48	38	13	0.5652	0.3421	0.4262	2.69
confident	M0815	1694	243	194	0.5160	0.7984	0.6268	1.65
confident	M0816	12	242	2	1.0000	0.0083	0.0164	1.81
confident	M0819	106	26	19	0.3455	0.7308	0.4691	1.55
confident	M0822	3	3	2	1.0000	0.6667	0.8000	2.40
confident	M0826	316	22	18	0.1731	0.8182	0.2857	1.50
confident	M0829	216	7	6	0.0513	0.8571	0.0968	1.83
confident	M0835	224	62	41	0.3661	0.6613	0.4713	2.94
confident	M0843	29	17	11	0.6471	0.6471	0.6471	1.56
confident	M0850	103	40	17	0.3208	0.4250	0.3656	3.56
confident	M0851	0	24	0	NaN	0.0000	NaN	0.20
confident	M0854	550	136	32	0.8000	0.2353	0.3636	2.40
confident	M0855	26	55	8	1.0000	0.1455	0.2540	2.38
confident	M0857	25	13	10	1.0000	0.7692	0.8696	1.74
confident	M0858	1047	353	328	0.9909	0.9292	0.9591	2.32
confident	M0860	333	14	3	0.0233	0.2143	0.0420	1.51
confident	M0862	1	21	1	1.0000	0.0476	0.0909	1.64
confident	M0869	6	6	4	1.0000	0.6667	0.8000	2.32
confident	M0874	55	4	3	0.2000	0.7500	0.3158	2.07
confident	M0879	0	38	0	NaN	0.0000	NaN	0.89
confident	M0881	131	157	117	1.0000	0.7452	0.8540	2.23
confident	M0884	209	24	20	0.5128	0.8333	0.6349	2.02
confident	M0885	56	17	4	1.0000	0.2353	0.3810	4.12
confident	M0895	0	131	0	NaN	0.0000	NaN	1.82
confident	M0900	1837	448	359	0.8527	0.8013	0.8262	1.81
confident	M0905	1327	231	139	0.4290	0.6017	0.5009	2.95
confident	M0906	776	266	223	0.9253	0.8383	0.8797	1.36
confident	M0908	149	79	43	0.8776	0.5443	0.6719	2.00
confident	M0910	17	8	7	1.0000	0.8750	0.9333	1.95
confident	M0916	3	1	1	1.0000	1.0000	1.0000	1.72
confident	M0918	0	140	0	NaN	0.0000	NaN	2.19
confident	M0919	34	19	14	0.5185	0.7368	0.6087	1.70
confident	M0920	0	39	0	NaN	0.0000	NaN	1.03
confident	M0925	80	24	3	0.1304	0.1250	0.1277	2.25
confident	M0931	93	74	60	1.0000	0.8108	0.8955	3.16
confident	M0937	103	32	23	0.5897	0.7188	0.6479	2.37
confident	M0939	82	27	7	0.5385	0.2593	0.3500	2.55
confident	M0940	1227	122	23	0.6970	0.1885	0.2968	2.44
confident	M0947	345	68	26	0.8387	0.3824	0.5253	3.77
confident	M0952	9	89	5	1.0000	0.0562	0.1064	3.14
confident	M0957	4477	223	89	0.5669	0.3991	0.4684	2.82
confident	M0958	4497	243	92	0.5318	0.3786	0.4423	2.64
confident	M0959	2646	178	54	0.9310	0.3034	0.4576	5.02
confident	M0961	1831	155	48	0.8000	0.3097	0.4465	3.54
confident	M0962	3293	147	74	0.7400	0.5034	0.5992	2.90
confident	M0964	44	69	6	1.0000	0.0870	0.1600	1.66
confident_sens	M0003	218	95	19	0.4524	0.2000	0.2774	1.36
confident_sens	M0010	71	15	14	0.9333	0.9333	0.9333	3.56
confident_sens	M0019	32	22	22	1.0000	1.0000	1.0000	3.72
confident_sens	M0020	399	120	84	1.0000	0.7000	0.8235	3.05
confident_sens	M0028	86	22	20	0.6250	0.9091	0.7407	3.07
confident_sens	M0031	882	321	261	1.0000	0.8131	0.8969	2.96
confident_sens	M0033	20	15	11	1.0000	0.7333	0.8462	1.96
confident_sens	M0040	16	61	12	1.0000	0.1967	0.3288	2.36
confident_sens	M0043	61	22	20	1.0000	0.9091	0.9524	2.58
confident_sens	M0044	41	75	20	1.0000	0.2667	0.4211	10.42
confident_sens	M0048	283	104	68	1.0000	0.6538	0.7907	3.21
confident_sens	M0054	98	46	34	0.9714	0.7391	0.8395	1.96
confident_sens	M0058	80	42	18	0.8571	0.4286	0.5714	3.81
confident_sens	M0065	47	56	34	1.0000	0.6071	0.7556	1.87
confident_sens	M0066	88	60	16	1.0000	0.2667	0.4211	3.31
confident_sens	M0067	19	42	4	0.8000	0.0952	0.1702	3.52
confident_sens	M0070	265	172	8	0.5000	0.0465	0.0851	1.87
confident_sens	M0075	23	3	2	0.2222	0.6667	0.3333	6.29
confident_sens	M0076	843	102	91	0.3434	0.8922	0.4959	2.00
confident_sens	M0077	380	108	49	1.0000	0.4537	0.6242	1.13
confident_sens	M0081	8	10	4	1.0000	0.4000	0.5714	6.18
confident_sens	M0085	46	12	8	1.0000	0.6667	0.8000	4.62
confident_sens	M0087	78	72	58	1.0000	0.8056	0.8923	2.37
confident_sens	M0090	216	61	57	0.9048	0.9344	0.9194	11.20
confident_sens	M0092	121	43	28	1.0000	0.6512	0.7887	3.89
confident_sens	M0093	1	24	1	1.0000	0.0417	0.0800	2.83
confident_sens	M0096	5	24	2	0.6667	0.0833	0.1481	3.72
confident_sens	M0100	1994	381	167	1.0000	0.4383	0.6095	1.93
confident_sens	M0104	10	12	5	1.0000	0.4167	0.5882	5.71
confident_sens	M0107	60	78	6	1.0000	0.0769	0.1429	2.19
confident_sens	M0108	4	178	1	1.0000	0.0056	0.0112	2.63
confident_sens	M0109	304	212	99	1.0000	0.4670	0.6367	3.59
confident_sens	M0111	0	11	0	NaN	0.0000	NaN	4.04
confident_sens	M0117	146	121	39	1.0000	0.3223	0.4875	1.71
confident_sens	M0118	0	108	0	NaN	0.0000	NaN	2.40
confident_sens	M0121	0	55	0	NaN	0.0000	NaN	2.62
confident_sens	M0122	12	29	4	1.0000	0.1379	0.2424	2.07
confident_sens	M0123	18	29	7	1.0000	0.2414	0.3889	6.08
confident_sens	M0125	44	40	18	1.0000	0.4500	0.6207	1.39
confident_sens	M0131	40	48	37	1.0000	0.7708	0.8706	2.02
confident_sens	M0134	90	56	55	1.0000	0.9821	0.9910	1.64
confident_sens	M0136	44	11	9	0.9000	0.8182	0.8571	3.39
confident_sens	M0139	717	78	43	0.2057	0.5513	0.2997	4.04
confident_sens	M0141	2	27	1	1.0000	0.0370	0.0714	7.58
confident_sens	M0142	6	15	5	1.0000	0.3333	0.5000	2.42
confident_sens	M0154	131	63	53	0.9298	0.8413	0.8833	2.50
confident_sens	M0159	30	161	17	0.9444	0.1056	0.1899	2.65
confident_sens	M0163	30	55	26	1.0000	0.4727	0.6420	2.23
confident_sens	M0172	497	20	14	0.0683	0.7000	0.1244	1.95
confident_sens	M0175	2163	830	544	0.2991	0.6554	0.4107	2.14
confident_sens	M0178	203	303	163	1.0000	0.5380	0.6996	2.63
confident_sens	M0181	4	9	3	1.0000	0.3333	0.5000	6.70
confident_sens	M0188	1650	120	21	0.0814	0.1750	0.1111	2.03
confident_sens	M0194	55	70	30	1.0000	0.4286	0.6000	3.79
confident_sens	M0201	85	45	10	0.6250	0.2222	0.3279	2.36
confident_sens	M0202	17	1	1	0.3333	1.0000	0.5000	1.51
confident_sens	M0205	221	263	170	1.0000	0.6464	0.7852	3.57
confident_sens	M0206	39	80	30	1.0000	0.3750	0.5455	11.25
confident_sens	M0210	9	224	4	1.0000	0.0179	0.0351	1.89
confident_sens	M0212	0	97	0	NaN	0.0000	NaN	4.74
confident_sens	M0216	1435	1167	1103	1.0000	0.9452	0.9718	1.56
confident_sens	M0227	37	40	13	1.0000	0.3250	0.4906	1.76
confident_sens	M0228	221	122	23	0.8846	0.1885	0.3108	3.07
confident_sens	M0231	37	16	14	1.0000	0.8750	0.9333	2.81
confident_sens	M0234	0	19	0	NaN	0.0000	NaN	5.25
confident_sens	M0235	211	18	12	0.1395	0.6667	0.2308	1.69
confident_sens	M0237	2293	616	92	0.6765	0.1494	0.2447	2.37
confident_sens	M0243	57	14	13	1.0000	0.9286	0.9630	3.14
confident_sens	M0250	17	15	15	1.0000	1.0000	1.0000	1.59
confident_sens	M0253	32	240	30	1.0000	0.1250	0.2222	5.84
confident_sens	M0254	49	19	18	0.9000	0.9474	0.9231	8.64
confident_sens	M0257	273	256	97	1.0000	0.3789	0.5496	5.10
confident_sens	M0260	12	22	12	1.0000	0.5455	0.7059	3.80
confident_sens	M0261	17	23	7	1.0000	0.3043	0.4667	1.76
confident_sens	M0262	17	20	12	1.0000	0.6000	0.7500	8.49
confident_sens	M0263	26	51	6	0.6667	0.1176	0.2000	2.20
confident_sens	M0266	20	47	11	1.0000	0.2340	0.3793	4.82
confident_sens	M0272	2	45	1	1.0000	0.0222	0.0435	2.69
confident_sens	M0278	284	105	95	0.6643	0.9048	0.7661	1.49
confident_sens	M0281	4	3	2	1.0000	0.6667	0.8000	2.70
confident_sens	M0293	32	62	28	1.0000	0.4516	0.6222	2.07
confident_sens	M0294	347	116	71	1.0000	0.6121	0.7594	5.80
confident_sens	M0297	13	18	1	0.1429	0.0556	0.0800	2.07
confident_sens	M0298	84	366	1	1.0000	0.0027	0.0054	3.52
confident_sens	M0301	114	52	40	1.0000	0.7692	0.8696	3.14
confident_sens	M0308	256	174	153	1.0000	0.8793	0.9358	4.88
confident_sens	M0311	33	84	14	1.0000	0.1667	0.2857	6.74
confident_sens	M0313	162	19	14	0.1167	0.7368	0.2014	1.72
confident_sens	M0314	0	48	0	NaN	0.0000	NaN	5.70
confident_sens	M0321	253	25	14	0.2745	0.5600	0.3684	2.20
confident_sens	M0334	39	23	21	1.0000	0.9130	0.9545	2.12
confident_sens	M0338	27	28	3	0.3750	0.1071	0.1667	1.78
confident_sens	M0346	418	143	6	1.0000	0.0420	0.0805	2.46
confident_sens	M0348	2544	180	61	0.9683	0.3389	0.5021	4.28
confident_sens	M0351	73	26	16	0.4706	0.6154	0.5333	1.91
confident_sens	M0353	46	14	7	0.3500	0.5000	0.4118	3.48
confident_sens	M0357	31	6	5	0.8333	0.8333	0.8333	3.17
confident_sens	M0358	4	1	1	1.0000	1.0000	1.0000	4.36
confident_sens	M0363	2	66	2	1.0000	0.0303	0.0588	1.88
confident_sens	M0369	22	87	7	1.0000	0.0805	0.1489	4.06
confident_sens	M0371	300	123	47	0.8393	0.3821	0.5251	2.02
confident_sens	M0376	233	42	40	0.4598	0.9524	0.6202	2.75
confident_sens	M0377	784	215	20	1.0000	0.0930	0.1702	7.13
confident_sens	M0379	149	121	55	0.9322	0.4545	0.6111	4.63
confident_sens	M0380	23	27	18	1.0000	0.6667	0.8000	2.12
confident_sens	M0381	235	76	45	0.7258	0.5921	0.6522	1.14
confident_sens	M0383	36	131	36	1.0000	0.2748	0.4311	4.05
confident_sens	M0384	0	107	0	NaN	0.0000	NaN	1.73
confident_sens	M0386	79	5	4	0.2500	0.8000	0.3810	5.60
confident_sens	M0387	6000	2182	1341	0.9242	0.6146	0.7382	1.12
confident_sens	M0391	329	15	11	0.0894	0.7333	0.1594	1.29
confident_sens	M0398	95	37	37	0.9024	1.0000	0.9487	2.53
confident_sens	M0401	71	396	7	0.3500	0.0177	0.0337	4.36
confident_sens	M0403	485	17	17	0.0794	1.0000	0.1472	2.07
confident_sens	M0410	12	34	2	1.0000	0.0588	0.1111	2.54
confident_sens	M0412	312	61	18	0.2118	0.2951	0.2466	2.63
confident_sens	M0414	237	83	76	1.0000	0.9157	0.9560	2.47
confident_sens	M0416	5	5	5	1.0000	1.0000	1.0000	5.41
confident_sens	M0420	13	18	6	1.0000	0.3333	0.5000	1.70
confident_sens	M0423	62	99	15	1.0000	0.1515	0.2632	2.02
confident_sens	M0425	2827	2202	616	0.9448	0.2797	0.4317	1.38
confident_sens	M0426	18	20	16	1.0000	0.8000	0.8889	2.38
confident_sens	M0428	1875	11	11	0.0397	1.0000	0.0764	4.46
confident_sens	M0429	97	48	40	0.9524	0.8333	0.8889	3.90
confident_sens	M0431	129	4	4	0.1481	1.0000	0.2581	2.96
confident_sens	M0433	604	214	9	0.0703	0.0421	0.0526	2.24
confident_sens	M0434	30	13	12	0.9231	0.9231	0.9231	3.51
confident_sens	M0435	0	88	0	NaN	0.0000	NaN	12.18
confident_sens	M0440	25	50	21	1.0000	0.4200	0.5915	3.29
confident_sens	M0444	139	84	65	0.9155	0.7738	0.8387	2.28
confident_sens	M0447	53	6	4	0.1026	0.6667	0.1778	2.74
confident_sens	M0448	409	8	1	0.0370	0.1250	0.0571	2.43
confident_sens	M0453	18	66	5	1.0000	0.0758	0.1408	3.45
confident_sens	M0454	49	15	13	0.9286	0.8667	0.8966	2.09
confident_sens	M0456	500	18	4	0.0167	0.2222	0.0311	1.59
confident_sens	M0458	215	26	20	0.3509	0.7692	0.4819	1.67
confident_sens	M0462	162	50	45	0.8182	0.9000	0.8571	2.58
confident_sens	M0466	12	194	2	1.0000	0.0103	0.0204	9.98
confident_sens	M0472	355	97	95	1.0000	0.9794	0.9896	3.66
confident_sens	M0477	111	72	57	1.0000	0.7917	0.8837	1.88
confident_sens	M0484	117	102	87	1.0000	0.8529	0.9206	4.82
confident_sens	M0488	30	7	7	0.8750	1.0000	0.9333	3.60
confident_sens	M0497	25	16	11	1.0000	0.6875	0.8148	2.75
confident_sens	M0502	180	129	4	1.0000	0.0310	0.0602	3.82
confident_sens	M0505	6	28	3	1.0000	0.1071	0.1935	2.33
confident_sens	M0506	234	117	79	0.9634	0.6752	0.7940	2.62
confident_sens	M0508	0	8	0	NaN	0.0000	NaN	3.91
confident_sens	M0510	214	63	48	0.6575	0.7619	0.7059	1.86
confident_sens	M0515	64	21	19	1.0000	0.9048	0.9500	2.40
confident_sens	M0519	16	20	10	1.0000	0.5000	0.6667	9.62
confident_sens	M0520	1480	446	310	0.9936	0.6951	0.8179	2.21
confident_sens	M0544	2	14	2	1.0000	0.1429	0.2500	2.85
confident_sens	M0545	100	20	14	0.6087	0.7000	0.6512	2.39
confident_sens	M0547	38	8	5	1.0000	0.6250	0.7692	1.92
confident_sens	M0550	110	21	8	0.2000	0.3810	0.2623	2.13
confident_sens	M0563	0	32	0	NaN	0.0000	NaN	0.53
confident_sens	M0564	1527	400	354	0.9291	0.8850	0.9065	1.66
confident_sens	M0565	13	14	5	0.8333	0.3571	0.5000	2.96
confident_sens	M0574	1133	134	90	0.7692	0.6716	0.7171	2.15
confident_sens	M0580	28	10	7	1.0000	0.7000	0.8235	2.26
confident_sens	M0589	2	69	2	1.0000	0.0290	0.0563	1.37
confident_sens	M0590	8	20	3	1.0000	0.1500	0.2609	2.08
confident_sens	M0597	29	28	16	0.7619	0.5714	0.6531	2.07
confident_sens	M0600	276	79	64	0.5766	0.8101	0.6737	1.81
confident_sens	M0609	6000	86	84	0.0585	0.9767	0.1103	1.30
confident_sens	M0612	339	92	85	0.6439	0.9239	0.7589	4.23
confident_sens	M0616	102	6	6	0.1364	1.0000	0.2400	2.02
confident_sens	M0623	28	17	17	0.9444	1.0000	0.9714	2.31
confident_sens	M0625	0	9	0	NaN	0.0000	NaN	4.64
confident_sens	M0634	15	10	9	0.9000	0.9000	0.9000	2.93
confident_sens	M0636	104	17	7	0.2059	0.4118	0.2745	1.70
confident_sens	M0642	0	31	0	NaN	0.0000	NaN	1.79
confident_sens	M0651	101	65	8	0.3077	0.1231	0.1758	1.86
confident_sens	M0653	44	26	8	1.0000	0.3077	0.4706	3.80
confident_sens	M0655	23	7	3	0.5000	0.4286	0.4615	3.27
confident_sens	M0658	792	13	12	0.0755	0.9231	0.1395	1.67
confident_sens	M0663	207	97	15	0.3409	0.1546	0.2128	3.19
confident_sens	M0669	34	11	4	0.1667	0.3636	0.2286	1.86
confident_sens	M0674	206	38	4	0.1176	0.1053	0.1111	2.00
confident_sens	M0682	1668	329	241	0.8669	0.7325	0.7941	0.91
confident_sens	M0683	34	30	13	1.0000	0.4333	0.6047	3.37
confident_sens	M0693	1548	412	364	0.9455	0.8835	0.9134	2.33
confident_sens	M0697	532	156	74	0.8916	0.4744	0.6192	0.97
confident_sens	M0709	171	351	3	0.0577	0.0085	0.0149	1.41
confident_sens	M0727	39	24	16	0.7619	0.6667	0.7111	2.56
confident_sens	M0732	30	20	4	1.0000	0.2000	0.3333	2.76
confident_sens	M0734	3	10	2	1.0000	0.2000	0.3333	1.51
confident_sens	M0736	0	4	0	NaN	0.0000	NaN	2.75
confident_sens	M0738	76	16	6	0.2069	0.3750	0.2667	3.32
confident_sens	M0742	92	3	3	0.1250	1.0000	0.2222	2.19
confident_sens	M0748	708	20	20	0.0985	1.0000	0.1794	1.85
confident_sens	M0752	42	9	8	0.3478	0.8889	0.5000	2.64
confident_sens	M0754	41	13	4	0.3077	0.3077	0.3077	1.27
confident_sens	M0755	39	12	11	0.4231	0.9167	0.5789	1.48
confident_sens	M0759	0	80	0	NaN	0.0000	NaN	4.11
confident_sens	M0768	22	237	16	1.0000	0.0675	0.1265	1.83
confident_sens	M0771	267	285	27	0.5000	0.0947	0.1593	2.01
confident_sens	M0781	6	8	6	1.0000	0.7500	0.8571	2.47
confident_sens	M0789	78	62	18	0.9000	0.2903	0.4390	2.58
confident_sens	M0792	2	11	1	1.0000	0.0909	0.1667	4.90
confident_sens	M0795	3	80	1	1.0000	0.0125	0.0247	4.88
confident_sens	M0798	6000	2197	1345	0.9452	0.6122	0.7431	1.25
confident_sens	M0806	96	5	1	0.0476	0.2000	0.0769	2.08
confident_sens	M0808	24	5	4	1.0000	0.8000	0.8889	2.33
confident_sens	M0810	52	38	13	0.5652	0.3421	0.4262	2.87
confident_sens	M0815	1796	243	193	0.4886	0.7942	0.6050	1.73
confident_sens	M0816	12	242	2	1.0000	0.0083	0.0164	1.98
confident_sens	M0819	114	26	19	0.3065	0.7308	0.4318	2.38
confident_sens	M0822	3	3	2	1.0000	0.6667	0.8000	2.45
confident_sens	M0826	342	22	18	0.1856	0.8182	0.3025	1.89
confident_sens	M0829	176	7	6	0.0619	0.8571	0.1154	2.11
confident_sens	M0835	306	62	42	0.3281	0.6774	0.4421	2.39
confident_sens	M0843	95	17	11	0.3793	0.6471	0.4783	2.55
confident_sens	M0850	98	40	16	0.3200	0.4000	0.3556	3.42
confident_sens	M0851	0	24	0	NaN	0.0000	NaN	0.30
confident_sens	M0854	547	136	32	0.8000	0.2353	0.3636	2.17
confident_sens	M0855	26	55	8	1.0000	0.1455	0.2540	1.70
confident_sens	M0857	25	13	10	1.0000	0.7692	0.8696	2.24
confident_sens	M0858	1047	353	328	0.9909	0.9292	0.9591	2.00
confident_sens	M0860	350	14	3	0.0227	0.2143	0.0411	1.32
confident_sens	M0862	1	21	1	1.0000	0.0476	0.0909	1.85
confident_sens	M0869	6	6	4	1.0000	0.6667	0.8000	1.95
confident_sens	M0874	71	4	3	0.1765	0.7500	0.2857	2.26
confident_sens	M0879	0	38	0	NaN	0.0000	NaN	0.88
confident_sens	M0881	136	157	122	1.0000	0.7771	0.8746	2.08
confident_sens	M0884	236	24	20	0.4545	0.8333	0.5882	2.98
confident_sens	M0885	56	17	4	1.0000	0.2353	0.3810	5.93
confident_sens	M0895	0	131	0	NaN	0.0000	NaN	3.04
confident_sens	M0900	1837	448	359	0.8527	0.8013	0.8262	2.33
confident_sens	M0905	1219	231	140	0.4361	0.6061	0.5072	2.42
confident_sens	M0906	778	266	224	0.9256	0.8421	0.8819	1.76
confident_sens	M0908	213	79	61	0.8971	0.7722	0.8299	1.56
confident_sens	M0910	20	8	8	1.0000	1.0000	1.0000	2.38
confident_sens	M0916	3	1	1	1.0000	1.0000	1.0000	1.15
confident_sens	M0918	0	140	0	NaN	0.0000	NaN	2.60
confident_sens	M0919	36	19	14	0.5000	0.7368	0.5957	1.92
confident_sens	M0920	0	39	0	NaN	0.0000	NaN	1.34
confident_sens	M0925	129	24	3	0.1154	0.1250	0.1200	2.39
confident_sens	M0931	94	74	61	1.0000	0.8243	0.9037	2.49
confident_sens	M0937	109	32	26	0.5909	0.8125	0.6842	2.19
confident_sens	M0939	82	27	7	0.6364	0.2593	0.3684	2.95
confident_sens	M0940	1228	122	23	0.6765	0.1885	0.2949	2.81
confident_sens	M0947	376	68	26	0.8387	0.3824	0.5253	4.23
confident_sens	M0952	8	89	5	1.0000	0.0562	0.1064	3.34
confident_sens	M0957	4392	223	89	0.5633	0.3991	0.4672	3.63
confident_sens	M0958	4451	243	91	0.5200	0.3745	0.4354	2.79
confident_sens	M0959	2678	178	56	0.9180	0.3146	0.4686	3.90
confident_sens	M0961	2037	155	52	0.8254	0.3355	0.4771	3.67
confident_sens	M0962	3332	147	77	0.7549	0.5238	0.6185	2.66
confident_sens	M0964	42	69	6	1.0000	0.0870	0.1600	2.28
