config	query	answers	sens_at_1fp	n_exact	fp1_exact	found_exact	n_sub1_cons	fp1_sub1_cons	found_sub1_cons	n_sub1_other	fp1_sub1_other	found_sub1_other
aa_blosum62	M0003	95	0.9158	20	20	20	71	67	68	1	0	0
aa_blosum62	M0010	15	0.9333	13	13	13	1	1	1	0	0	0
aa_blosum62	M0019	22	1.0000	22	22	22	0	0	0	0	0	0
aa_blosum62	M0020	120	0.8750	10	9	10	87	82	85	8	7	8
aa_blosum62	M0028	22	0.9091	20	20	20	0	0	0	0	0	0
aa_blosum62	M0031	321	0.8162	261	233	242	12	12	12	7	4	7
aa_blosum62	M0033	15	0.1333	8	2	8	1	0	1	3	0	3
aa_blosum62	M0040	61	0.2131	52	13	13	0	0	0	1	0	0
aa_blosum62	M0043	22	0.9091	14	14	14	0	0	0	6	6	6
aa_blosum62	M0044	75	0.8667	15	13	13	7	7	7	17	16	17
aa_blosum62	M0048	104	0.7308	76	58	64	15	14	15	3	0	3
aa_blosum62	M0054	46	0.6087	36	25	35	4	3	4	5	0	4
aa_blosum62	M0058	42	0.2619	9	3	4	0	0	0	11	0	6
aa_blosum62	M0065	56	0.6964	33	26	26	1	1	1	20	12	13
aa_blosum62	M0066	60	0.1167	18	5	15	26	2	17	3	0	2
aa_blosum62	M0067	42	0.4286	3	3	3	7	3	7	0	0	0
aa_blosum62	M0070	172	0.0465	8	8	8	0	0	0	5	0	1
aa_blosum62	M0075	3	0.6667	3	2	3	0	0	0	0	0	0
aa_blosum62	M0076	102	0.3725	98	35	81	0	0	0	0	0	0
aa_blosum62	M0077	108	0.6574	57	50	52	2	1	2	17	8	11
aa_blosum62	M0081	10	0.6000	5	3	5	0	0	0	1	1	1
aa_blosum62	M0085	12	0.8333	10	8	9	1	1	1	1	1	1
aa_blosum62	M0087	72	0.8889	42	42	42	1	1	1	2	2	2
aa_blosum62	M0090	61	0.9180	47	45	45	0	0	0	6	6	6
aa_blosum62	M0092	43	0.8605	37	34	37	0	0	0	5	3	4
aa_blosum62	M0093	24	0.9583	5	4	5	6	6	6	0	0	0
aa_blosum62	M0096	24	0.0833	2	2	2	0	0	0	20	0	4
aa_blosum62	M0100	381	0.5538	182	156	164	34	21	23	98	27	41
aa_blosum62	M0104	12	0.4167	5	5	5	0	0	0	0	0	0
aa_blosum62	M0107	78	0.0897	6	6	6	0	0	0	0	0	0
aa_blosum62	M0108	178	0.0056	1	1	1	0	0	0	3	0	3
aa_blosum62	M0109	212	0.5425	98	98	98	0	0	0	6	6	6
aa_blosum62	M0111	11	0.0909	5	1	5	6	0	1	0	0	0
aa_blosum62	M0117	121	0.3719	39	35	39	8	4	8	2	0	2
aa_blosum62	M0118	108	0.9722	86	86	86	0	0	0	19	17	19
aa_blosum62	M0121	55	0.1818	1	1	1	0	0	0	0	0	0
aa_blosum62	M0122	29	0.7586	3	3	3	0	0	0	7	6	6
aa_blosum62	M0123	29	0.2414	0	0	0	0	0	0	2	2	2
aa_blosum62	M0125	40	0.9250	13	13	13	2	2	2	2	1	1
aa_blosum62	M0131	48	0.7708	34	34	34	3	3	3	0	0	0
aa_blosum62	M0134	56	1.0000	55	55	55	0	0	0	1	1	1
aa_blosum62	M0136	11	0.8182	8	8	8	0	0	0	1	0	1
aa_blosum62	M0139	78	0.5000	43	39	41	1	0	0	1	0	1
aa_blosum62	M0141	27	0.2963	0	0	0	0	0	0	0	0	0
aa_blosum62	M0142	15	0.3333	6	5	5	0	0	0	2	0	2
aa_blosum62	M0154	63	0.7778	57	44	55	5	5	5	1	0	0
aa_blosum62	M0159	161	0.4720	6	5	5	0	0	0	11	11	11
aa_blosum62	M0163	55	0.4545	32	18	31	6	5	6	8	1	8
aa_blosum62	M0172	20	0.5000	8	8	8	1	1	1	0	0	0
aa_blosum62	M0175	830	0.2446	737	202	736	0	0	0	0	0	0
aa_blosum62	M0178	303	0.5215	148	108	120	28	13	19	75	28	31
aa_blosum62	M0181	9	0.8889	5	4	5	1	1	1	2	2	2
aa_blosum62	M0188	120	0.1500	54	13	23	53	5	23	1	0	0
aa_blosum62	M0194	70	0.4857	25	17	25	0	0	0	10	2	10
aa_blosum62	M0201	45	0.2222	22	8	12	2	2	2	3	0	0
aa_blosum62	M0202	1	1.0000	1	1	1	0	0	0	0	0	0
aa_blosum62	M0205	263	0.6236	170	162	168	0	0	0	0	0	0
aa_blosum62	M0206	80	0.6375	28	28	28	9	9	9	6	4	6
aa_blosum62	M0210	224	0.0268	2	2	2	0	0	0	4	2	4
aa_blosum62	M0212	97	0.6082	0	0	0	0	0	0	0	0	0
aa_blosum62	M0216	1167	0.9820	1033	1032	1033	9	9	9	71	69	71
aa_blosum62	M0227	40	0.3750	6	6	6	7	7	7	1	0	1
aa_blosum62	M0228	122	0.1393	13	11	11	0	0	0	12	5	7
aa_blosum62	M0231	16	1.0000	11	11	11	0	0	0	3	3	3
aa_blosum62	M0234	19	0.3684	8	6	8	0	0	0	1	0	1
aa_blosum62	M0235	18	0.1111	17	2	11	0	0	0	1	0	1
aa_blosum62	M0237	616	0.1445	92	89	90	0	0	0	1	0	0
aa_blosum62	M0243	14	1.0000	0	0	0	0	0	0	0	0	0
aa_blosum62	M0250	15	1.0000	15	15	15	0	0	0	0	0	0
aa_blosum62	M0253	240	0.4542	40	20	40	4	3	4	112	31	110
aa_blosum62	M0254	19	0.8421	14	14	14	0	0	0	2	2	2
aa_blosum62	M0257	256	0.8672	91	91	91	117	117	117	2	1	1
aa_blosum62	M0260	22	1.0000	17	17	17	3	3	3	2	2	2
aa_blosum62	M0261	23	0.6957	18	16	16	0	0	0	0	0	0
aa_blosum62	M0262	20	1.0000	9	9	9	11	11	11	0	0	0
aa_blosum62	M0263	51	0.1373	7	6	6	1	1	1	11	0	8
aa_blosum62	M0266	47	0.9787	0	0	0	13	13	13	0	0	0
aa_blosum62	M0272	45	0.6889	15	13	14	2	1	2	3	2	2
aa_blosum62	M0278	105	0.5619	74	58	72	0	0	0	1	0	1
aa_blosum62	M0281	3	0.6667	2	2	2	0	0	0	0	0	0
aa_blosum62	M0293	62	0.6613	51	32	41	1	1	1	7	7	7
aa_blosum62	M0294	116	0.8966	79	75	75	1	1	1	4	2	4
aa_blosum62	M0297	18	0.0556	14	1	3	0	0	0	4	0	0
aa_blosum62	M0298	366	0.0082	1	0	0	0	0	0	0	0	0
aa_blosum62	M0301	52	0.2308	1	1	1	0	0	0	0	0	0
aa_blosum62	M0308	174	1.0000	145	145	145	5	5	5	22	22	22
aa_blosum62	M0311	84	1.0000	68	68	68	8	8	8	3	3	3
aa_blosum62	M0313	19	0.6316	14	12	14	0	0	0	3	0	3
aa_blosum62	M0314	48	0.0417	0	0	0	0	0	0	0	0	0
aa_blosum62	M0321	25	0.2800	4	3	4	8	2	7	5	0	5
aa_blosum62	M0334	23	1.0000	21	21	21	0	0	0	1	1	1
aa_blosum62	M0338	28	0.0357	22	1	4	0	0	0	0	0	0
aa_blosum62	M0346	143	0.0979	0	0	0	0	0	0	0	0	0
aa_blosum62	M0348	180	0.3722	23	22	23	51	43	51	1	1	1
aa_blosum62	M0351	26	0.8846	16	15	15	7	7	7	2	0	2
aa_blosum62	M0353	14	0.5714	11	8	9	1	0	1	0	0	0
aa_blosum62	M0357	6	0.8333	5	5	5	0	0	0	0	0	0
aa_blosum62	M0358	1	1.0000	1	1	1	0	0	0	0	0	0
aa_blosum62	M0363	66	0.0152	15	1	5	50	0	2	0	0	0
aa_blosum62	M0369	87	0.1839	2	1	1	1	0	0	35	14	22
aa_blosum62	M0371	123	0.0894	114	11	98	2	0	1	5	0	0
aa_blosum62	M0376	42	0.8333	38	34	38	2	1	2	2	0	2
aa_blosum62	M0377	215	0.2837	15	15	15	6	5	5	14	13	14
aa_blosum62	M0379	121	0.2562	32	24	32	0	0	0	10	7	10
aa_blosum62	M0380	27	0.6296	18	16	17	2	1	2	1	0	0
aa_blosum62	M0381	76	0.5921	44	44	44	0	0	0	5	0	5
aa_blosum62	M0383	131	0.3893	0	0	0	0	0	0	0	0	0
aa_blosum62	M0384	107	0.0280	5	3	5	0	0	0	3	0	0
aa_blosum62	M0386	5	1.0000	4	4	4	1	1	1	0	0	0
aa_blosum62	M0387	2182	0.0202	0	0	0	0	0	0	0	0	0
aa_blosum62	M0391	15	0.5333	15	8	11	0	0	0	0	0	0
aa_blosum62	M0398	37	0.0270	24	1	24	0	0	0	13	0	13
aa_blosum62	M0401	396	0.0152	6	4	6	6	2	5	0	0	0
aa_blosum62	M0403	17	0.8235	16	14	16	0	0	0	1	0	1
aa_blosum62	M0410	34	0.1471	2	2	2	0	0	0	0	0	0
aa_blosum62	M0412	61	0.0820	5	4	5	0	0	0	0	0	0
aa_blosum62	M0414	83	0.7229	69	58	68	1	1	1	10	1	10
aa_blosum62	M0416	5	1.0000	5	5	5	0	0	0	0	0	0
aa_blosum62	M0420	18	0.3333	11	6	9	1	0	1	6	0	3
aa_blosum62	M0423	99	0.0505	75	5	12	7	0	1	6	0	0
aa_blosum62	M0425	2202	0.0223	1484	32	292	79	2	14	60	0	22
aa_blosum62	M0426	20	1.0000	5	5	5	3	3	3	9	9	9
aa_blosum62	M0428	11	0.8182	10	9	10	0	0	0	1	0	1
aa_blosum62	M0429	48	0.5000	40	22	40	2	1	2	1	0	1
aa_blosum62	M0431	4	1.0000	4	4	4	0	0	0	0	0	0
aa_blosum62	M0433	214	0.0514	144	8	54	31	1	7	18	0	0
aa_blosum62	M0434	13	0.0769	12	1	12	0	0	0	1	0	1
aa_blosum62	M0435	88	0.1364	0	0	0	0	0	0	0	0	0
aa_blosum62	M0440	50	0.7600	30	24	27	5	5	5	8	8	8
aa_blosum62	M0444	84	0.9405	65	65	65	15	14	15	4	0	4
aa_blosum62	M0447	6	0.1667	1	1	1	0	0	0	0	0	0
aa_blosum62	M0448	8	0.1250	4	1	2	0	0	0	4	0	0
aa_blosum62	M0453	66	0.1818	5	5	5	3	3	3	0	0	0
aa_blosum62	M0454	15	0.8000	13	12	13	0	0	0	1	0	1
aa_blosum62	M0456	18	0.1111	10	2	8	0	0	0	6	0	0
aa_blosum62	M0458	26	0.7692	22	20	20	0	0	0	0	0	0
aa_blosum62	M0462	50	0.8800	43	39	42	1	1	1	3	2	3
aa_blosum62	M0466	194	0.0670	2	2	2	0	0	0	0	0	0
aa_blosum62	M0472	97	0.9794	88	88	88	4	4	4	0	0	0
aa_blosum62	M0477	72	0.7222	63	50	63	1	1	1	5	0	4
aa_blosum62	M0484	102	1.0000	0	0	0	0	0	0	101	101	101
aa_blosum62	M0488	7	1.0000	7	7	7	0	0	0	0	0	0
aa_blosum62	M0497	16	0.9375	8	8	8	3	3	3	4	4	4
aa_blosum62	M0502	129	0.0465	5	5	5	1	1	1	0	0	0
aa_blosum62	M0505	28	0.1071	1	1	1	0	0	0	0	0	0
aa_blosum62	M0506	117	0.5470	49	47	49	12	10	12	19	3	18
aa_blosum62	M0508	8	0.8750	4	4	4	0	0	0	0	0	0
aa_blosum62	M0510	63	0.0317	45	2	45	8	0	8	1	0	1
aa_blosum62	M0515	21	0.5714	9	9	9	1	0	1	8	2	5
aa_blosum62	M0519	20	0.9000	12	12	12	4	4	4	0	0	0
aa_blosum62	M0520	446	0.2466	6	4	4	9	2	8	359	99	348
aa_blosum62	M0544	14	0.6429	9	8	8	0	0	0	3	0	2
aa_blosum62	M0545	20	0.7000	14	14	14	0	0	0	0	0	0
aa_blosum62	M0547	8	0.5000	5	4	5	0	0	0	0	0	0
aa_blosum62	M0550	21	0.3810	11	8	8	1	0	0	8	0	1
aa_blosum62	M0563	32	0.0000	7	0	0	0	0	0	0	0	0
aa_blosum62	M0564	400	0.0225	347	8	326	2	0	2	7	0	5
aa_blosum62	M0565	14	0.2857	13	4	6	0	0	0	1	0	0
aa_blosum62	M0574	134	0.1642	66	22	62	3	0	3	34	0	33
aa_blosum62	M0580	10	0.7000	8	7	7	0	0	0	2	0	1
aa_blosum62	M0589	69	0.0435	18	2	9	0	0	0	8	1	5
aa_blosum62	M0590	20	0.1500	3	3	3	0	0	0	0	0	0
aa_blosum62	M0597	28	0.4286	25	12	20	0	0	0	3	0	3
aa_blosum62	M0600	79	0.4304	79	34	79	0	0	0	0	0	0
aa_blosum62	M0609	86	0.1512	56	13	56	0	0	0	0	0	0
aa_blosum62	M0612	92	0.5326	81	49	76	1	0	0	1	0	0
aa_blosum62	M0616	6	0.8333	6	5	6	0	0	0	0	0	0
aa_blosum62	M0623	17	1.0000	16	16	16	0	0	0	0	0	0
aa_blosum62	M0625	9	0.2222	6	2	3	0	0	0	0	0	0
aa_blosum62	M0634	10	1.0000	9	9	9	0	0	0	1	1	1
aa_blosum62	M0636	17	0.4118	7	7	7	0	0	0	3	0	3
aa_blosum62	M0642	31	0.0968	8	3	3	0	0	0	0	0	0
aa_blosum62	M0651	65	0.1231	12	7	8	6	1	2	34	0	1
aa_blosum62	M0653	26	0.1923	2	2	2	0	0	0	3	0	1
aa_blosum62	M0655	7	0.7143	4	2	2	0	0	0	0	0	0
aa_blosum62	M0658	13	0.2308	12	3	12	0	0	0	1	0	1
aa_blosum62	M0663	97	0.1237	16	12	14	0	0	0	78	0	35
aa_blosum62	M0669	11	0.0909	11	1	6	0	0	0	0	0	0
aa_blosum62	M0674	38	0.1053	4	4	4	2	0	0	10	0	5
aa_blosum62	M0682	329	0.0061	225	2	216	0	0	0	28	0	22
aa_blosum62	M0683	30	0.9333	13	13	13	1	1	1	0	0	0
aa_blosum62	M0693	412	0.0170	352	5	339	2	0	2	7	0	5
aa_blosum62	M0697	156	0.0385	74	6	74	76	0	73	0	0	0
aa_blosum62	M0709	351	0.0085	3	3	3	0	0	0	192	0	129
aa_blosum62	M0727	24	0.5000	5	5	5	2	2	2	13	4	12
aa_blosum62	M0732	20	0.2500	2	1	1	1	1	1	11	3	3
aa_blosum62	M0734	10	0.3000	4	3	3	0	0	0	2	0	0
aa_blosum62	M0736	4	1.0000	4	4	4	0	0	0	0	0	0
aa_blosum62	M0738	16	0.4375	15	6	15	1	1	1	0	0	0
aa_blosum62	M0742	3	1.0000	3	3	3	0	0	0	0	0	0
aa_blosum62	M0748	20	0.8500	20	17	20	0	0	0	0	0	0
aa_blosum62	M0752	9	1.0000	8	8	8	0	0	0	1	1	1
aa_blosum62	M0754	13	0.3077	9	4	5	1	0	0	0	0	0
aa_blosum62	M0755	12	0.6667	1	1	1	0	0	0	0	0	0
aa_blosum62	M0759	80	0.2875	33	15	27	1	0	0	0	0	0
aa_blosum62	M0768	237	0.0759	16	14	15	4	4	4	0	0	0
aa_blosum62	M0771	285	0.0175	24	5	24	44	0	40	109	0	16
aa_blosum62	M0781	8	0.8750	6	6	6	0	0	0	1	1	1
aa_blosum62	M0789	62	0.4194	27	12	25	18	9	17	1	0	1
aa_blosum62	M0792	11	0.0909	2	1	2	0	0	0	2	0	0
aa_blosum62	M0795	80	0.1875	1	1	1	13	12	13	2	2	2
aa_blosum62	M0798	2197	0.0023	1455	5	933	67	0	25	89	0	53
aa_blosum62	M0806	5	0.2000	1	1	1	2	0	2	0	0	0
aa_blosum62	M0808	5	0.8000	4	4	4	0	0	0	0	0	0
aa_blosum62	M0810	38	0.1842	2	2	2	0	0	0	11	3	11
aa_blosum62	M0815	243	0.6831	205	164	197	0	0	0	19	0	6
aa_blosum62	M0816	242	0.0744	16	12	15	2	1	2	193	5	137
aa_blosum62	M0819	26	0.8077	18	17	18	3	2	3	4	1	4
aa_blosum62	M0822	3	0.6667	2	2	2	0	0	0	1	0	1
aa_blosum62	M0826	22	0.2727	18	6	17	0	0	0	3	0	0
aa_blosum62	M0829	7	0.8571	6	6	6	0	0	0	1	0	1
aa_blosum62	M0835	62	0.4032	4	4	4	1	0	0	4	0	2
aa_blosum62	M0843	17	0.6471	12	10	11	3	1	1	0	0	0
aa_blosum62	M0850	40	0.3500	22	10	12	1	0	0	0	0	0
aa_blosum62	M0851	24	0.0833	1	1	1	0	0	0	0	0	0
aa_blosum62	M0854	136	0.0735	53	9	47	54	0	44	0	0	0
aa_blosum62	M0855	55	0.1636	15	8	9	0	0	0	7	0	2
aa_blosum62	M0857	13	0.7692	13	10	10	0	0	0	0	0	0
aa_blosum62	M0858	353	0.8640	327	294	318	3	2	3	19	7	18
aa_blosum62	M0860	14	0.2143	4	3	4	0	0	0	0	0	0
aa_blosum62	M0862	21	0.3810	16	8	14	0	0	0	1	0	1
aa_blosum62	M0869	6	1.0000	4	4	4	0	0	0	2	2	2
aa_blosum62	M0874	4	0.7500	2	2	2	0	0	0	0	0	0
aa_blosum62	M0879	38	0.1316	3	3	3	4	1	3	1	1	1
aa_blosum62	M0881	157	0.9363	152	143	152	3	3	3	1	1	1
aa_blosum62	M0884	24	0.7917	20	19	20	0	0	0	0	0	0
aa_blosum62	M0885	17	0.2353	3	3	3	0	0	0	0	0	0
aa_blosum62	M0895	131	0.0458	2	2	2	0	0	0	1	0	0
aa_blosum62	M0900	448	0.2210	367	97	355	12	1	12	14	0	11
aa_blosum62	M0905	231	0.0216	107	5	71	17	0	13	62	0	43
aa_blosum62	M0906	266	0.2293	226	61	224	15	0	15	23	0	16
aa_blosum62	M0908	79	0.1013	10	5	10	0	0	0	1	0	1
aa_blosum62	M0910	8	0.8750	8	7	8	0	0	0	0	0	0
aa_blosum62	M0916	1	1.0000	0	0	0	0	0	0	0	0	0
aa_blosum62	M0918	140	0.4571	0	0	0	0	0	0	0	0	0
aa_blosum62	M0919	19	0.5789	12	8	11	1	0	0	0	0	0
aa_blosum62	M0920	39	0.3077	1	1	1	0	0	0	0	0	0
aa_blosum62	M0925	24	0.0417	3	1	3	0	0	0	8	0	3
aa_blosum62	M0931	74	0.8378	67	59	63	3	3	3	1	0	0
aa_blosum62	M0937	32	0.4375	27	14	21	1	0	0	1	0	0
aa_blosum62	M0939	27	0.2963	7	7	7	0	0	0	0	0	0
aa_blosum62	M0940	122	0.0738	8	6	8	7	0	6	64	3	63
aa_blosum62	M0947	68	0.0588	26	4	26	4	0	4	1	0	0
aa_blosum62	M0952	89	0.0562	5	5	5	0	0	0	0	0	0
aa_blosum62	M0957	223	0.1256	88	28	88	0	0	0	2	0	2
aa_blosum62	M0958	243	0.2428	89	58	89	0	0	0	2	1	2
aa_blosum62	M0959	178	0.1236	3	3	3	0	0	0	77	19	74
aa_blosum62	M0961	155	0.0387	39	6	39	14	0	14	21	0	16
aa_blosum62	M0962	147	0.0884	55	11	51	20	1	20	46	0	32
aa_blosum62	M0964	69	0.1304	4	4	4	0	0	0	0	0	0
aa_group	M0003	95	0.2000	20	19	19	71	0	35	1	0	0
aa_group	M0010	15	0.8667	13	13	13	1	0	1	0	0	0
aa_group	M0019	22	1.0000	22	22	22	0	0	0	0	0	0
aa_group	M0020	120	0.8500	10	10	10	87	80	83	8	7	8
aa_group	M0028	22	0.9091	20	20	20	0	0	0	0	0	0
aa_group	M0031	321	0.7819	261	222	234	12	12	12	7	4	6
aa_group	M0033	15	0.6000	8	8	8	1	0	1	3	1	2
aa_group	M0040	61	0.1967	52	12	13	0	0	0	1	0	0
aa_group	M0043	22	0.9091	14	14	14	0	0	0	6	6	6
aa_group	M0044	75	0.8933	15	13	13	7	7	7	17	17	17
aa_group	M0048	104	0.7308	76	59	68	15	13	15	3	0	3
aa_group	M0054	46	0.8043	36	34	35	4	1	4	5	1	4
aa_group	M0058	42	0.2619	9	3	5	0	0	0	11	0	8
aa_group	M0065	56	0.6607	33	24	27	1	1	1	20	12	13
aa_group	M0066	60	0.1333	18	5	16	26	2	20	3	1	3
aa_group	M0067	42	0.4048	3	3	3	7	7	7	0	0	0
aa_group	M0070	172	0.0465	8	8	8	0	0	0	5	0	1
aa_group	M0075	3	0.6667	3	2	3	0	0	0	0	0	0
aa_group	M0076	102	0.3725	98	35	86	0	0	0	0	0	0
aa_group	M0077	108	0.5648	57	51	51	2	1	1	17	7	10
aa_group	M0081	10	0.8000	5	5	5	0	0	0	1	1	1
aa_group	M0085	12	0.8333	10	8	9	1	1	1	1	1	1
aa_group	M0087	72	0.8889	42	42	42	1	1	1	2	2	2
aa_group	M0090	61	0.9344	47	47	47	0	0	0	6	6	6
aa_group	M0092	43	0.8372	37	33	36	0	0	0	5	3	5
aa_group	M0093	24	0.3333	5	3	5	6	0	6	0	0	0
aa_group	M0096	24	0.0833	2	2	2	0	0	0	20	0	6
aa_group	M0100	381	0.4803	182	142	149	34	12	14	98	20	37
aa_group	M0104	12	0.4167	5	5	5	0	0	0	0	0	0
aa_group	M0107	78	0.0769	6	6	6	0	0	0	0	0	0
aa_group	M0108	178	0.0056	1	1	1	0	0	0	3	0	3
aa_group	M0109	212	0.5377	98	98	98	0	0	0	6	6	6
aa_group	M0111	11	0.0909	5	1	5	6	0	1	0	0	0
aa_group	M0117	121	0.3719	39	35	37	8	4	8	2	1	2
aa_group	M0118	108	0.8241	86	86	86	0	0	0	19	1	19
aa_group	M0121	55	0.1818	1	1	1	0	0	0	0	0	0
aa_group	M0122	29	0.6897	3	3	3	0	0	0	7	5	6
aa_group	M0123	29	0.2414	0	0	0	0	0	0	2	2	2
aa_group	M0125	40	0.9250	13	13	13	2	2	2	2	1	1
aa_group	M0131	48	0.7708	34	34	34	3	3	3	0	0	0
aa_group	M0134	56	1.0000	55	55	55	0	0	0	1	1	1
aa_group	M0136	11	0.8182	8	8	8	0	0	0	1	0	1
aa_group	M0139	78	0.5000	43	39	41	1	0	0	1	0	1
aa_group	M0141	27	0.3333	0	0	0	0	0	0	0	0	0
aa_group	M0142	15	0.3333	6	5	5	0	0	0	2	0	2
aa_group	M0154	63	0.7778	57	44	55	5	5	5	1	0	0
aa_group	M0159	161	0.6087	6	5	6	0	0	0	11	11	11
aa_group	M0163	55	0.8182	32	31	31	6	3	6	8	7	8
aa_group	M0172	20	0.4500	8	8	8	1	0	1	0	0	0
aa_group	M0175	830	0.2446	737	202	736	0	0	0	0	0	0
aa_group	M0178	303	0.5149	148	105	117	28	17	22	75	26	31
aa_group	M0181	9	0.7778	5	4	5	1	0	0	2	2	2
aa_group	M0188	120	0.1417	54	13	23	53	4	25	1	0	0
aa_group	M0194	70	0.5000	25	17	25	0	0	0	10	2	10
aa_group	M0201	45	0.2667	22	10	11	2	2	2	3	0	0
aa_group	M0202	1	1.0000	1	1	1	0	0	0	0	0	0
aa_group	M0205	263	0.9658	170	166	168	0	0	0	0	0	0
aa_group	M0206	80	0.5000	28	25	28	9	9	9	6	5	6
aa_group	M0210	224	0.0491	2	2	2	0	0	0	4	4	4
aa_group	M0212	97	0.5670	0	0	0	0	0	0	0	0	0
aa_group	M0216	1167	0.9880	1033	1031	1033	9	9	9	71	71	71
aa_group	M0227	40	0.4000	6	6	6	7	7	7	1	1	1
aa_group	M0228	122	0.1639	13	12	12	0	0	0	12	6	8
aa_group	M0231	16	1.0000	11	11	11	0	0	0	3	3	3
aa_group	M0234	19	0.3158	8	5	8	0	0	0	1	1	1
aa_group	M0235	18	0.1111	17	2	11	0	0	0	1	0	1
aa_group	M0237	616	0.1461	92	90	91	0	0	0	1	0	0
aa_group	M0243	14	1.0000	0	0	0	0	0	0	0	0	0
aa_group	M0250	15	1.0000	15	15	15	0	0	0	0	0	0
aa_group	M0253	240	0.3542	40	16	40	4	3	4	112	20	111
aa_group	M0254	19	0.8421	14	14	14	0	0	0	2	2	2
aa_group	M0257	256	0.8516	91	91	91	117	117	117	2	1	1
aa_group	M0260	22	0.9545	17	17	17	3	3	3	2	1	2
aa_group	M0261	23	0.6957	18	16	18	0	0	0	0	0	0
aa_group	M0262	20	1.0000	9	9	9	11	11	11	0	0	0
aa_group	M0263	51	0.1373	7	6	6	1	1	1	11	0	8
aa_group	M0266	47	0.9574	0	0	0	13	13	13	0	0	0
aa_group	M0272	45	0.6000	15	13	14	2	1	2	3	2	2
aa_group	M0278	105	0.5619	74	58	72	0	0	0	1	0	1
aa_group	M0281	3	0.6667	2	2	2	0	0	0	0	0	0
aa_group	M0293	62	0.7097	51	36	40	1	0	0	7	7	7
aa_group	M0294	116	0.8966	79	75	75	1	1	1	4	2	4
aa_group	M0297	18	0.0556	14	1	3	0	0	0	4	0	0
aa_group	M0298	366	0.0027	1	0	0	0	0	0	0	0	0
aa_group	M0301	52	0.2308	1	1	1	0	0	0	0	0	0
aa_group	M0308	174	1.0000	145	145	145	5	5	5	22	22	22
aa_group	M0311	84	1.0000	68	68	68	8	8	8	3	3	3
aa_group	M0313	19	0.7368	14	14	14	0	0	0	3	0	3
aa_group	M0314	48	0.0625	0	0	0	0	0	0	0	0	0
aa_group	M0321	25	0.2000	4	3	4	8	0	4	5	0	5
aa_group	M0334	23	0.9565	21	21	21	0	0	0	1	1	1
aa_group	M0338	28	0.0357	22	1	5	0	0	0	0	0	0
aa_group	M0346	143	0.0979	0	0	0	0	0	0	0	0	0
aa_group	M0348	180	0.4000	23	22	23	51	47	51	1	1	1
aa_group	M0351	26	0.6154	16	15	15	7	0	4	2	0	2
aa_group	M0353	14	0.5714	11	8	9	1	0	0	0	0	0
aa_group	M0357	6	0.8333	5	5	5	0	0	0	0	0	0
aa_group	M0358	1	1.0000	1	1	1	0	0	0	0	0	0
aa_group	M0363	66	0.0455	15	3	7	50	0	2	0	0	0
aa_group	M0369	87	0.2069	2	1	1	1	0	0	35	16	23
aa_group	M0371	123	0.0894	114	11	105	2	0	1	5	0	1
aa_group	M0376	42	0.8095	38	34	38	2	0	2	2	0	2
aa_group	M0377	215	0.2930	15	15	15	6	6	6	14	14	14
aa_group	M0379	121	0.2479	32	24	32	0	0	0	10	6	10
aa_group	M0380	27	0.6667	18	17	17	2	1	2	1	0	1
aa_group	M0381	76	0.5921	44	43	43	0	0	0	5	1	3
aa_group	M0383	131	0.5420	0	0	0	0	0	0	0	0	0
aa_group	M0384	107	0.0187	5	2	5	0	0	0	3	0	1
aa_group	M0386	5	0.8000	4	4	4	1	0	1	0	0	0
aa_group	M0387	2182	0.0206	0	0	0	0	0	0	0	0	0
aa_group	M0391	15	0.5333	15	8	11	0	0	0	0	0	0
aa_group	M0398	37	0.0270	24	1	24	0	0	0	13	0	13
aa_group	M0401	396	0.0177	6	4	6	6	2	5	0	0	0
aa_group	M0403	17	0.8235	16	14	16	0	0	0	1	0	1
aa_group	M0410	34	0.1471	2	2	2	0	0	0	0	0	0
aa_group	M0412	61	0.0820	5	4	5	0	0	0	0	0	0
aa_group	M0414	83	0.7108	69	58	68	1	0	1	10	1	10
aa_group	M0416	5	1.0000	5	5	5	0	0	0	0	0	0
aa_group	M0420	18	0.3333	11	6	8	1	0	1	6	0	3
aa_group	M0423	99	0.0505	75	5	16	7	0	1	6	0	0
aa_group	M0425	2202	0.0254	1484	35	291	79	1	9	60	0	8
aa_group	M0426	20	0.9500	5	5	5	3	3	3	9	9	9
aa_group	M0428	11	0.8182	10	9	10	0	0	0	1	0	1
aa_group	M0429	48	0.4792	40	22	40	2	0	2	1	0	1
aa_group	M0431	4	1.0000	4	4	4	0	0	0	0	0	0
aa_group	M0433	214	0.0374	144	8	69	31	0	3	18	0	0
aa_group	M0434	13	0.0769	12	1	12	0	0	0	1	0	1
aa_group	M0435	88	0.1364	0	0	0	0	0	0	0	0	0
aa_group	M0440	50	0.8000	30	26	27	5	5	5	8	8	8
aa_group	M0444	84	0.7738	65	65	65	15	0	15	4	0	3
aa_group	M0447	6	0.1667	1	1	1	0	0	0	0	0	0
aa_group	M0448	8	0.1250	4	1	2	0	0	0	4	0	0
aa_group	M0453	66	0.1364	5	5	5	3	3	3	0	0	0
aa_group	M0454	15	0.8000	13	12	13	0	0	0	1	0	1
aa_group	M0456	18	0.1111	10	2	7	0	0	0	6	0	0
aa_group	M0458	26	0.7692	22	20	20	0	0	0	0	0	0
aa_group	M0462	50	0.8800	43	39	42	1	1	1	3	2	3
aa_group	M0466	194	0.0670	2	2	2	0	0	0	0	0	0
aa_group	M0472	97	0.9897	88	88	88	4	4	4	0	0	0
aa_group	M0477	72	0.7639	63	50	61	1	1	1	5	3	3
aa_group	M0484	102	1.0000	0	0	0	0	0	0	101	101	101
aa_group	M0488	7	1.0000	7	7	7	0	0	0	0	0	0
aa_group	M0497	16	0.9375	8	8	8	3	3	3	4	4	4
aa_group	M0502	129	0.0543	5	5	5	1	1	1	0	0	0
aa_group	M0505	28	0.1071	1	1	1	0	0	0	0	0	0
aa_group	M0506	117	0.5641	49	47	49	12	8	12	19	7	18
aa_group	M0508	8	1.0000	4	4	4	0	0	0	0	0	0
aa_group	M0510	63	0.0317	45	2	45	8	0	8	1	0	1
aa_group	M0515	21	0.5238	9	8	9	1	0	1	8	2	3
aa_group	M0519	20	0.9000	12	12	12	4	4	4	0	0	0
aa_group	M0520	446	0.5112	6	4	4	9	2	8	359	221	323
aa_group	M0544	14	0.6429	9	8	8	0	0	0	3	1	1
aa_group	M0545	20	0.7000	14	14	14	0	0	0	0	0	0
aa_group	M0547	8	0.5000	5	4	5	0	0	0	0	0	0
aa_group	M0550	21	0.3333	11	7	8	1	0	0	8	0	2
aa_group	M0563	32	0.0000	7	0	2	0	0	0	0	0	0
aa_group	M0564	400	0.0225	347	8	324	2	0	1	7	0	4
aa_group	M0565	14	0.3571	13	5	7	0	0	0	1	0	0
aa_group	M0574	134	0.1642	66	22	62	3	0	3	34	0	33
aa_group	M0580	10	0.7000	8	7	7	0	0	0	2	0	2
aa_group	M0589	69	0.0725	18	2	5	0	0	0	8	2	3
aa_group	M0590	20	0.1500	3	3	3	0	0	0	0	0	0
aa_group	M0597	28	0.4286	25	12	19	0	0	0	3	0	2
aa_group	M0600	79	0.4430	79	35	79	0	0	0	0	0	0
aa_group	M0609	86	0.1512	56	13	56	0	0	0	0	0	0
aa_group	M0612	92	0.5326	81	49	78	1	0	1	1	0	0
aa_group	M0616	6	0.8333	6	5	6	0	0	0	0	0	0
aa_group	M0623	17	1.0000	16	16	16	0	0	0	0	0	0
aa_group	M0625	9	0.2222	6	2	3	0	0	0	0	0	0
aa_group	M0634	10	1.0000	9	9	9	0	0	0	1	1	1
aa_group	M0636	17	0.4118	7	7	7	0	0	0	3	0	3
aa_group	M0642	31	0.1290	8	4	6	0	0	0	0	0	0
aa_group	M0651	65	0.1538	12	8	8	6	2	2	34	0	1
aa_group	M0653	26	0.1923	2	2	2	0	0	0	3	0	1
aa_group	M0655	7	0.5714	4	2	2	0	0	0	0	0	0
aa_group	M0658	13	0.2308	12	3	12	0	0	0	1	0	1
aa_group	M0663	97	0.1237	16	12	14	0	0	0	78	0	21
aa_group	M0669	11	0.0909	11	1	8	0	0	0	0	0	0
aa_group	M0674	38	0.2632	4	4	4	2	0	0	10	5	7
aa_group	M0682	329	0.0061	225	2	212	0	0	0	28	0	21
aa_group	M0683	30	0.9000	13	13	13	1	1	1	0	0	0
aa_group	M0693	412	0.0170	352	5	330	2	0	1	7	0	5
aa_group	M0697	156	0.0385	74	6	74	76	0	70	0	0	0
aa_group	M0709	351	0.0114	3	3	3	0	0	0	192	1	136
aa_group	M0727	24	0.4167	5	5	5	2	1	2	13	4	12
aa_group	M0732	20	0.2500	2	1	1	1	1	1	11	3	3
aa_group	M0734	10	0.2000	4	2	2	0	0	0	2	0	0
aa_group	M0736	4	1.0000	4	4	4	0	0	0	0	0	0
aa_group	M0738	16	0.3750	15	6	12	1	0	1	0	0	0
aa_group	M0742	3	1.0000	3	3	3	0	0	0	0	0	0
aa_group	M0748	20	0.7500	20	15	19	0	0	0	0	0	0
aa_group	M0752	9	1.0000	8	8	8	0	0	0	1	1	1
aa_group	M0754	13	0.3077	9	4	9	1	0	0	0	0	0
aa_group	M0755	12	0.6667	1	1	1	0	0	0	0	0	0
aa_group	M0759	80	0.3125	33	16	27	1	0	0	0	0	0
aa_group	M0768	237	0.0759	16	14	16	4	4	4	0	0	0
aa_group	M0771	285	0.0175	24	5	24	44	0	26	109	0	16
aa_group	M0781	8	0.7500	6	6	6	0	0	0	1	0	1
aa_group	M0789	62	0.2903	27	12	25	18	2	17	1	0	1
aa_group	M0792	11	0.0909	2	1	2	0	0	0	2	0	0
aa_group	M0795	80	0.2125	1	1	1	13	13	13	2	2	2
aa_group	M0798	2197	0.0023	1455	5	946	67	0	7	89	0	57
aa_group	M0806	5	0.2000	1	1	1	2	0	2	0	0	0
aa_group	M0808	5	0.8000	4	4	4	0	0	0	0	0	0
aa_group	M0810	38	0.3421	2	2	2	0	0	0	11	8	11
aa_group	M0815	243	0.6831	205	164	193	0	0	0	19	0	6
aa_group	M0816	242	0.0413	16	8	16	2	0	1	193	2	94
aa_group	M0819	26	0.7692	18	17	18	3	1	3	4	1	4
aa_group	M0822	3	1.0000	2	2	2	0	0	0	1	1	1
aa_group	M0826	22	0.2727	18	6	18	0	0	0	3	0	0
aa_group	M0829	7	0.8571	6	6	6	0	0	0	1	0	1
aa_group	M0835	62	0.4032	4	4	4	1	0	1	4	0	2
aa_group	M0843	17	0.5882	12	10	11	3	0	1	0	0	0
aa_group	M0850	40	0.3750	22	11	12	1	0	0	0	0	0
aa_group	M0851	24	0.0833	1	1	1	0	0	0	0	0	0
aa_group	M0854	136	0.0735	53	9	45	54	0	43	0	0	0
aa_group	M0855	55	0.1636	15	8	13	0	0	0	7	0	2
aa_group	M0857	13	0.6154	13	8	10	0	0	0	0	0	0
aa_group	M0858	353	0.8612	327	294	319	3	1	3	19	7	18
aa_group	M0860	14	0.2143	4	3	4	0	0	0	0	0	0
aa_group	M0862	21	0.5714	16	11	14	0	0	0	1	1	1
aa_group	M0869	6	1.0000	4	4	4	0	0	0	2	2	2
aa_group	M0874	4	0.7500	2	2	2	0	0	0	0	0	0
aa_group	M0879	38	0.1316	3	3	3	4	1	3	1	1	1
aa_group	M0881	157	0.9554	152	146	152	3	3	3	1	1	1
aa_group	M0884	24	0.5833	20	14	20	0	0	0	0	0	0
aa_group	M0885	17	0.4118	3	3	3	0	0	0	0	0	0
aa_group	M0895	131	0.0458	2	2	2	0	0	0	1	0	0
aa_group	M0900	448	0.2210	367	97	358	12	1	12	14	0	5
aa_group	M0905	231	0.0216	107	5	79	17	0	6	62	0	50
aa_group	M0906	266	0.2293	226	61	223	15	0	15	23	0	16
aa_group	M0908	79	0.1266	10	5	10	0	0	0	1	0	1
aa_group	M0910	8	0.8750	8	7	8	0	0	0	0	0	0
aa_group	M0916	1	1.0000	0	0	0	0	0	0	0	0	0
aa_group	M0918	140	0.4071	0	0	0	0	0	0	0	0	0
aa_group	M0919	19	0.5789	12	8	11	1	0	1	0	0	0
aa_group	M0920	39	0.3077	1	1	1	0	0	0	0	0	0
aa_group	M0925	24	0.0417	3	1	3	0	0	0	8	0	1
aa_group	M0931	74	0.8108	67	59	64	3	1	2	1	0	0
aa_group	M0937	32	0.4688	27	15	21	1	0	0	1	0	0
aa_group	M0939	27	0.2593	7	7	7	0	0	0	0	0	0
aa_group	M0940	122	0.0656	8	6	8	7	0	6	64	2	64
aa_group	M0947	68	0.0588	26	4	26	4	0	4	1	0	0
aa_group	M0952	89	0.0562	5	5	5	0	0	0	0	0	0
aa_group	M0957	223	0.1256	88	28	87	0	0	0	2	0	2
aa_group	M0958	243	0.2469	89	59	88	0	0	0	2	1	2
aa_group	M0959	178	0.2135	3	3	3	0	0	0	77	30	76
aa_group	M0961	155	0.0387	39	6	39	14	0	14	21	0	18
aa_group	M0962	147	0.0884	55	11	55	20	1	18	46	0	43
aa_group	M0964	69	0.1159	4	4	4	0	0	0	0	0	0
aa_size	M0003	95	0.2000	20	19	19	71	0	32	1	0	0
aa_size	M0010	15	0.8667	13	13	13	1	0	1	0	0	0
aa_size	M0019	22	1.0000	22	22	22	0	0	0	0	0	0
aa_size	M0020	120	0.8083	10	9	10	87	77	81	8	7	8
aa_size	M0028	22	0.9091	20	20	20	0	0	0	0	0	0
aa_size	M0031	321	0.7539	261	214	222	12	11	12	7	3	7
aa_size	M0033	15	0.2000	8	2	8	1	0	1	3	0	3
aa_size	M0040	61	0.1967	52	12	15	0	0	0	1	0	0
aa_size	M0043	22	0.9091	14	14	14	0	0	0	6	6	6
aa_size	M0044	75	0.8533	15	13	13	7	7	7	17	17	17
aa_size	M0048	104	0.7788	76	62	64	15	14	15	3	3	3
aa_size	M0054	46	0.6087	36	25	34	4	3	3	5	0	3
aa_size	M0058	42	0.2619	9	3	3	0	0	0	11	0	8
aa_size	M0065	56	0.6786	33	25	29	1	1	1	20	12	12
aa_size	M0066	60	0.1167	18	5	15	26	2	19	3	0	2
aa_size	M0067	42	0.3095	3	3	3	7	7	7	0	0	0
aa_size	M0070	172	0.0465	8	8	8	0	0	0	5	0	0
aa_size	M0075	3	0.6667	3	2	2	0	0	0	0	0	0
aa_size	M0076	102	0.3725	98	35	80	0	0	0	0	0	0
aa_size	M0077	108	0.5093	57	49	50	2	0	2	17	4	9
aa_size	M0081	10	0.8000	5	5	5	0	0	0	1	1	1
aa_size	M0085	12	0.7500	10	7	8	1	1	1	1	1	1
aa_size	M0087	72	0.8611	42	40	40	1	1	1	2	2	2
aa_size	M0090	61	0.8852	47	45	45	0	0	0	6	6	6
aa_size	M0092	43	0.8372	37	33	33	0	0	0	5	3	4
aa_size	M0093	24	0.7500	5	3	5	6	6	6	0	0	0
aa_size	M0096	24	0.0833	2	2	2	0	0	0	20	0	4
aa_size	M0100	381	0.4672	182	137	142	34	8	8	98	29	32
aa_size	M0104	12	0.4167	5	5	5	0	0	0	0	0	0
aa_size	M0107	78	0.0769	6	6	6	0	0	0	0	0	0
aa_size	M0108	178	0.3146	1	1	1	0	0	0	3	3	3
aa_size	M0109	212	0.5519	98	98	98	0	0	0	6	6	6
aa_size	M0111	11	0.1818	5	2	5	6	0	1	0	0	0
aa_size	M0117	121	0.4380	39	36	39	8	7	8	2	1	2
aa_size	M0118	108	0.8519	86	86	86	0	0	0	19	4	19
aa_size	M0121	55	0.1636	1	1	1	0	0	0	0	0	0
aa_size	M0122	29	0.6552	3	3	3	0	0	0	7	6	6
aa_size	M0123	29	0.2414	0	0	0	0	0	0	2	2	2
aa_size	M0125	40	0.9250	13	13	13	2	2	2	2	1	1
aa_size	M0131	48	0.7708	34	34	34	3	3	3	0	0	0
aa_size	M0134	56	0.9821	55	55	55	0	0	0	1	0	1
aa_size	M0136	11	0.9091	8	8	8	0	0	0	1	1	1
aa_size	M0139	78	0.4103	43	32	32	1	0	0	1	0	0
aa_size	M0141	27	0.1852	0	0	0	0	0	0	0	0	0
aa_size	M0142	15	0.4667	6	5	6	0	0	0	2	2	2
aa_size	M0154	63	0.7778	57	44	55	5	5	5	1	0	0
aa_size	M0159	161	0.2671	6	5	5	0	0	0	11	11	11
aa_size	M0163	55	0.2000	32	9	31	6	1	6	8	0	8
aa_size	M0172	20	0.5000	8	8	8	1	1	1	0	0	0
aa_size	M0175	830	0.2373	737	196	730	0	0	0	0	0	0
aa_size	M0178	303	0.3498	148	70	82	28	8	8	75	22	22
aa_size	M0181	9	0.8889	5	5	5	1	0	0	2	2	2
aa_size	M0188	120	0.1250	54	13	21	53	2	5	1	0	0
aa_size	M0194	70	0.3143	25	13	25	0	0	0	10	1	10
aa_size	M0201	45	0.2222	22	9	11	2	1	1	3	0	0
aa_size	M0202	1	1.0000	1	1	1	0	0	0	0	0	0
aa_size	M0205	263	0.9316	170	159	162	0	0	0	0	0	0
aa_size	M0206	80	0.8750	28	28	28	9	9	9	6	6	6
aa_size	M0210	224	0.0357	2	2	2	0	0	0	4	4	4
aa_size	M0212	97	0.5052	0	0	0	0	0	0	0	0	0
aa_size	M0216	1167	0.9837	1033	1032	1033	9	9	9	71	71	71
aa_size	M0227	40	0.2500	6	5	6	7	2	3	1	1	1
aa_size	M0228	122	0.1066	13	11	11	0	0	0	12	1	6
aa_size	M0231	16	0.9375	11	11	11	0	0	0	3	2	3
aa_size	M0234	19	0.3684	8	5	8	0	0	0	1	1	1
aa_size	M0235	18	0.1111	17	2	10	0	0	0	1	0	1
aa_size	M0237	616	0.1347	92	83	84	0	0	0	1	0	0
aa_size	M0243	14	1.0000	0	0	0	0	0	0	0	0	0
aa_size	M0250	15	1.0000	15	15	15	0	0	0	0	0	0
aa_size	M0253	240	0.2292	40	11	40	4	3	4	112	10	109
aa_size	M0254	19	1.0000	14	14	14	0	0	0	2	2	2
aa_size	M0257	256	0.8633	91	91	91	117	117	117	2	1	1
aa_size	M0260	22	0.9091	17	17	17	3	3	3	2	0	1
aa_size	M0261	23	0.6957	18	16	18	0	0	0	0	0	0
aa_size	M0262	20	1.0000	9	9	9	11	11	11	0	0	0
aa_size	M0263	51	0.1373	7	6	6	1	1	1	11	0	8
aa_size	M0266	47	0.8936	0	0	0	13	13	13	0	0	0
aa_size	M0272	45	0.5778	15	14	14	2	1	1	3	1	2
aa_size	M0278	105	0.5714	74	59	73	0	0	0	1	0	1
aa_size	M0281	3	0.6667	2	2	2	0	0	0	0	0	0
aa_size	M0293	62	0.6290	51	32	41	1	1	1	7	5	5
aa_size	M0294	116	0.8707	79	74	74	1	1	1	4	2	3
aa_size	M0297	18	0.0556	14	1	1	0	0	0	4	0	0
aa_size	M0298	366	0.0000	1	0	0	0	0	0	0	0	0
aa_size	M0301	52	0.2500	1	1	1	0	0	0	0	0	0
aa_size	M0308	174	1.0000	145	145	145	5	5	5	22	22	22
aa_size	M0311	84	1.0000	68	68	68	8	8	8	3	3	3
aa_size	M0313	19	0.7368	14	14	14	0	0	0	3	0	3
aa_size	M0314	48	0.1458	0	0	0	0	0	0	0	0	0
aa_size	M0321	25	0.2800	4	3	4	8	2	4	5	0	5
aa_size	M0334	23	0.9565	21	21	21	0	0	0	1	1	1
aa_size	M0338	28	0.0000	22	0	1	0	0	0	0	0	0
aa_size	M0346	143	0.0839	0	0	0	0	0	0	0	0	0
aa_size	M0348	180	0.3667	23	23	23	51	41	50	1	1	1
aa_size	M0351	26	0.7308	16	15	15	7	2	4	2	1	2
aa_size	M0353	14	0.5000	11	7	8	1	0	1	0	0	0
aa_size	M0357	6	0.6667	5	4	4	0	0	0	0	0	0
aa_size	M0358	1	1.0000	1	1	1	0	0	0	0	0	0
aa_size	M0363	66	0.0455	15	3	5	50	0	1	0	0	0
aa_size	M0369	87	0.1954	2	1	1	1	0	0	35	14	17
aa_size	M0371	123	0.0894	114	11	94	2	0	2	5	0	2
aa_size	M0376	42	0.8333	38	34	38	2	1	2	2	0	2
aa_size	M0377	215	0.1535	15	15	15	6	3	4	14	9	13
aa_size	M0379	121	0.2562	32	25	32	0	0	0	10	6	10
aa_size	M0380	27	0.7037	18	16	17	2	1	2	1	1	1
aa_size	M0381	76	0.5789	44	43	43	0	0	0	5	0	4
aa_size	M0383	131	0.5954	0	0	0	0	0	0	0	0	0
aa_size	M0384	107	0.0561	5	3	5	0	0	0	3	0	0
aa_size	M0386	5	1.0000	4	4	4	1	1	1	0	0	0
aa_size	M0387	2182	0.0192	0	0	0	0	0	0	0	0	0
aa_size	M0391	15	0.5333	15	8	11	0	0	0	0	0	0
aa_size	M0398	37	0.0270	24	1	24	0	0	0	13	0	13
aa_size	M0401	396	0.0101	6	3	6	6	0	4	0	0	0
aa_size	M0403	17	0.6471	16	11	16	0	0	0	1	0	1
aa_size	M0410	34	0.3529	2	2	2	0	0	0	0	0	0
aa_size	M0412	61	0.0820	5	4	5	0	0	0	0	0	0
aa_size	M0414	83	0.7349	69	58	68	1	0	1	10	3	10
aa_size	M0416	5	1.0000	5	5	5	0	0	0	0	0	0
aa_size	M0420	18	0.3333	11	6	8	1	0	1	6	0	2
aa_size	M0423	99	0.0505	75	5	11	7	0	1	6	0	0
aa_size	M0425	2202	0.0045	1484	7	268	79	2	8	60	0	8
aa_size	M0426	20	0.9500	5	5	5	3	3	3	9	9	9
aa_size	M0428	11	0.8182	10	9	10	0	0	0	1	0	1
aa_size	M0429	48	0.4792	40	22	40	2	0	2	1	0	1
aa_size	M0431	4	1.0000	4	4	4	0	0	0	0	0	0
aa_size	M0433	214	0.0514	144	8	38	31	1	3	18	0	0
aa_size	M0434	13	0.0769	12	1	12	0	0	0	1	0	1
aa_size	M0435	88	0.1364	0	0	0	0	0	0	0	0	0
aa_size	M0440	50	0.7200	30	23	27	5	5	5	8	8	8
aa_size	M0444	84	0.9405	65	65	65	15	14	15	4	0	3
aa_size	M0447	6	0.3333	1	1	1	0	0	0	0	0	0
aa_size	M0448	8	0.1250	4	1	1	0	0	0	4	0	0
aa_size	M0453	66	0.5303	5	5	5	3	3	3	0	0	0
aa_size	M0454	15	0.8000	13	12	13	0	0	0	1	0	1
aa_size	M0456	18	0.1111	10	2	5	0	0	0	6	0	0
aa_size	M0458	26	0.6538	22	17	20	0	0	0	0	0	0
aa_size	M0462	50	0.7600	43	36	42	1	1	1	3	0	3
aa_size	M0466	194	0.0670	2	2	2	0	0	0	0	0	0
aa_size	M0472	97	0.9691	88	87	88	4	4	4	0	0	0
aa_size	M0477	72	0.6528	63	47	59	1	0	0	5	0	4
aa_size	M0484	102	1.0000	0	0	0	0	0	0	101	101	101
aa_size	M0488	7	1.0000	7	7	7	0	0	0	0	0	0
aa_size	M0497	16	0.9375	8	8	8	3	3	3	4	4	4
aa_size	M0502	129	0.0465	5	5	5	1	1	1	0	0	0
aa_size	M0505	28	0.1071	1	1	1	0	0	0	0	0	0
aa_size	M0506	117	0.6838	49	48	49	12	11	12	19	13	18
aa_size	M0508	8	0.8750	4	4	4	0	0	0	0	0	0
aa_size	M0510	63	0.0317	45	2	45	8	0	8	1	0	1
aa_size	M0515	21	0.5238	9	8	9	1	0	1	8	2	4
aa_size	M0519	20	0.9000	12	12	12	4	4	4	0	0	0
aa_size	M0520	446	0.7175	6	4	4	9	1	4	359	305	340
aa_size	M0544	14	0.6429	9	8	8	0	0	0	3	0	2
aa_size	M0545	20	0.7000	14	14	14	0	0	0	0	0	0
aa_size	M0547	8	0.5000	5	4	5	0	0	0	0	0	0
aa_size	M0550	21	0.2857	11	6	7	1	0	0	8	0	1
aa_size	M0563	32	0.0000	7	0	2	0	0	0	0	0	0
aa_size	M0564	400	0.0225	347	8	317	2	0	2	7	0	5
aa_size	M0565	14	0.2143	13	3	6	0	0	0	1	0	0
aa_size	M0574	134	0.1716	66	22	61	3	0	3	34	1	33
aa_size	M0580	10	0.8000	8	7	7	0	0	0	2	1	2
aa_size	M0589	69	0.0435	18	2	10	0	0	0	8	1	3
aa_size	M0590	20	0.2000	3	3	3	0	0	0	0	0	0
aa_size	M0597	28	0.4286	25	12	18	0	0	0	3	0	1
aa_size	M0600	79	0.4051	79	32	79	0	0	0	0	0	0
aa_size	M0609	86	0.1512	56	13	55	0	0	0	0	0	0
aa_size	M0612	92	0.5326	81	49	78	1	0	0	1	0	0
aa_size	M0616	6	0.8333	6	5	6	0	0	0	0	0	0
aa_size	M0623	17	1.0000	16	16	16	0	0	0	0	0	0
aa_size	M0625	9	0.1111	6	1	2	0	0	0	0	0	0
aa_size	M0634	10	1.0000	9	9	9	0	0	0	1	1	1
aa_size	M0636	17	0.4118	7	7	7	0	0	0	3	0	3
aa_size	M0642	31	0.0968	8	3	3	0	0	0	0	0	0
aa_size	M0651	65	0.1231	12	7	8	6	1	3	34	0	5
aa_size	M0653	26	0.1923	2	2	2	0	0	0	3	0	0
aa_size	M0655	7	0.7143	4	2	2	0	0	0	0	0	0
aa_size	M0658	13	0.2308	12	3	12	0	0	0	1	0	1
aa_size	M0663	97	0.1031	16	10	14	0	0	0	78	0	36
aa_size	M0669	11	0.0909	11	1	5	0	0	0	0	0	0
aa_size	M0674	38	0.1053	4	4	4	2	0	0	10	0	5
aa_size	M0682	329	0.0061	225	2	213	0	0	0	28	0	13
aa_size	M0683	30	0.9000	13	13	13	1	1	1	0	0	0
aa_size	M0693	412	0.0170	352	5	333	2	0	2	7	0	5
aa_size	M0697	156	0.0385	74	6	74	76	0	66	0	0	0
aa_size	M0709	351	0.0085	3	3	3	0	0	0	192	0	137
aa_size	M0727	24	0.2917	5	5	5	2	2	2	13	0	12
aa_size	M0732	20	0.2500	2	1	1	1	1	1	11	3	3
aa_size	M0734	10	0.3000	4	3	3	0	0	0	2	0	0
aa_size	M0736	4	1.0000	4	4	4	0	0	0	0	0	0
aa_size	M0738	16	0.5625	15	8	15	1	1	1	0	0	0
aa_size	M0742	3	1.0000	3	3	3	0	0	0	0	0	0
aa_size	M0748	20	0.7500	20	15	20	0	0	0	0	0	0
aa_size	M0752	9	1.0000	8	8	8	0	0	0	1	1	1
aa_size	M0754	13	0.3077	9	4	8	1	0	0	0	0	0
aa_size	M0755	12	0.6667	1	1	1	0	0	0	0	0	0
aa_size	M0759	80	0.2250	33	13	24	1	0	0	0	0	0
aa_size	M0768	237	0.0759	16	14	15	4	4	4	0	0	0
aa_size	M0771	285	0.0175	24	5	24	44	0	40	109	0	16
aa_size	M0781	8	0.8750	6	6	6	0	0	0	1	1	1
aa_size	M0789	62	0.4032	27	12	25	18	9	17	1	0	1
aa_size	M0792	11	0.0909	2	1	2	0	0	0	2	0	0
aa_size	M0795	80	0.3625	1	1	1	13	13	13	2	2	2
aa_size	M0798	2197	0.0023	1455	5	927	67	0	26	89	0	57
aa_size	M0806	5	0.2000	1	1	1	2	0	2	0	0	0
aa_size	M0808	5	0.2000	4	1	1	0	0	0	0	0	0
aa_size	M0810	38	0.2895	2	2	2	0	0	0	11	6	11
aa_size	M0815	243	0.6831	205	164	192	0	0	0	19	0	5
aa_size	M0816	242	0.0496	16	11	13	2	0	1	193	1	90
aa_size	M0819	26	0.7692	18	17	18	3	2	3	4	0	4
aa_size	M0822	3	0.6667	2	1	2	0	0	0	1	1	1
aa_size	M0826	22	0.2727	18	6	18	0	0	0	3	0	1
aa_size	M0829	7	0.8571	6	6	6	0	0	0	1	0	1
aa_size	M0835	62	0.4032	4	4	4	1	0	1	4	0	2
aa_size	M0843	17	0.6471	12	10	11	3	1	1	0	0	0
aa_size	M0850	40	0.3250	22	9	9	1	0	0	0	0	0
aa_size	M0851	24	0.0833	1	1	1	0	0	0	0	0	0
aa_size	M0854	136	0.0735	53	9	39	54	0	20	0	0	0
aa_size	M0855	55	0.1455	15	8	8	0	0	0	7	0	1
aa_size	M0857	13	0.4615	13	6	7	0	0	0	0	0	0
aa_size	M0858	353	0.8782	327	294	318	3	1	3	19	13	17
aa_size	M0860	14	0.2143	4	3	4	0	0	0	0	0	0
aa_size	M0862	21	0.4286	16	9	15	0	0	0	1	0	1
aa_size	M0869	6	1.0000	4	4	4	0	0	0	2	2	2
aa_size	M0874	4	0.7500	2	2	2	0	0	0	0	0	0
aa_size	M0879	38	0.1053	3	3	3	4	0	0	1	1	1
aa_size	M0881	157	0.6943	152	108	150	3	1	3	1	0	1
aa_size	M0884	24	0.7917	20	19	20	0	0	0	0	0	0
aa_size	M0885	17	0.2353	3	3	3	0	0	0	0	0	0
aa_size	M0895	131	0.0534	2	2	2	0	0	0	1	0	0
aa_size	M0900	448	0.7031	367	300	360	12	5	7	14	9	12
aa_size	M0905	231	0.0216	107	5	78	17	0	11	62	0	42
aa_size	M0906	266	0.2293	226	61	222	15	0	15	23	0	14
aa_size	M0908	79	0.0380	10	3	9	0	0	0	1	0	0
aa_size	M0910	8	0.8750	8	7	8	0	0	0	0	0	0
aa_size	M0916	1	1.0000	0	0	0	0	0	0	0	0	0
aa_size	M0918	140	0.4500	0	0	0	0	0	0	0	0	0
aa_size	M0919	19	0.5789	12	8	11	1	0	0	0	0	0
aa_size	M0920	39	0.3077	1	1	1	0	0	0	0	0	0
aa_size	M0925	24	0.0417	3	1	2	0	0	0	8	0	2
aa_size	M0931	74	0.8378	67	60	62	3	2	3	1	0	0
aa_size	M0937	32	0.3438	27	11	19	1	0	0	1	0	1
aa_size	M0939	27	0.2593	7	7	7	0	0	0	0	0	0
aa_size	M0940	122	0.2623	8	7	8	7	0	5	64	25	60
aa_size	M0947	68	0.0588	26	4	26	4	0	4	1	0	0
aa_size	M0952	89	0.0562	5	5	5	0	0	0	0	0	0
aa_size	M0957	223	0.1256	88	28	88	0	0	0	2	0	1
aa_size	M0958	243	0.2387	89	57	88	0	0	0	2	1	1
aa_size	M0959	178	0.0787	3	3	3	0	0	0	77	8	71
aa_size	M0961	155	0.0387	39	6	37	14	0	13	21	0	16
aa_size	M0962	147	0.0816	55	11	49	20	0	17	46	0	30
aa_size	M0964	69	0.1304	4	4	4	0	0	0	0	0	0
default	M0003	95	0.2000	20	19	19	71	0	68	1	0	0
default	M0010	15	0.9333	13	13	13	1	1	1	0	0	0
default	M0019	22	1.0000	22	22	22	0	0	0	0	0	0
default	M0020	120	0.8500	10	9	10	87	81	85	8	7	8
default	M0028	22	0.9091	20	20	20	0	0	0	0	0	0
default	M0031	321	0.8536	261	238	255	12	12	12	7	3	7
default	M0033	15	0.6667	8	8	8	1	0	1	3	2	2
default	M0040	61	0.2131	52	13	13	0	0	0	1	0	0
default	M0043	22	0.9091	14	14	14	0	0	0	6	6	6
default	M0044	75	0.8400	15	13	13	7	7	7	17	16	17
default	M0048	104	0.6635	76	60	75	15	9	15	3	0	3
default	M0054	46	0.7826	36	34	35	4	0	4	5	1	4
default	M0058	42	0.2619	9	3	5	0	0	0	11	0	8
default	M0065	56	0.7321	33	28	29	1	1	1	20	12	14
default	M0066	60	0.3000	18	14	18	26	2	13	3	1	3
default	M0067	42	0.2857	3	3	3	7	6	7	0	0	0
default	M0070	172	0.0465	8	8	8	0	0	0	5	0	1
default	M0075	3	0.6667	3	2	3	0	0	0	0	0	0
default	M0076	102	0.3725	98	35	89	0	0	0	0	0	0
default	M0077	108	0.6574	57	51	52	2	0	2	17	8	12
default	M0081	10	0.8000	5	4	5	0	0	0	1	1	1
default	M0085	12	0.9167	10	9	9	1	1	1	1	1	1
default	M0087	72	0.8889	42	42	42	1	1	1	2	2	2
default	M0090	61	0.9508	47	47	47	0	0	0	6	6	6
default	M0092	43	0.9302	37	37	37	0	0	0	5	3	4
default	M0093	24	1.0000	5	5	5	6	6	6	0	0	0
default	M0096	24	0.0833	2	2	2	0	0	0	20	0	6
default	M0100	381	0.6352	182	169	169	34	22	24	98	40	65
default	M0104	12	0.4167	5	5	5	0	0	0	0	0	0
default	M0107	78	0.0897	6	6	6	0	0	0	0	0	0
default	M0108	178	0.0112	1	1	1	0	0	0	3	1	3
default	M0109	212	0.5849	98	98	98	0	0	0	6	5	6
default	M0111	11	0.4545	5	5	5	6	0	2	0	0	0
default	M0117	121	0.4463	39	39	39	8	8	8	2	2	2
default	M0118	108	0.9630	86	86	86	0	0	0	19	16	19
default	M0121	55	0.1818	1	1	1	0	0	0	0	0	0
default	M0122	29	0.6897	3	3	3	0	0	0	7	6	6
default	M0123	29	0.2414	0	0	0	0	0	0	2	2	2
default	M0125	40	0.9250	13	13	13	2	2	2	2	1	1
default	M0131	48	0.7708	34	34	34	3	3	3	0	0	0
default	M0134	56	1.0000	55	55	55	0	0	0	1	1	1
default	M0136	11	0.8182	8	8	8	0	0	0	1	0	1
default	M0139	78	0.5000	43	39	43	1	0	0	1	0	1
default	M0141	27	0.2222	0	0	0	0	0	0	0	0	0
default	M0142	15	0.4667	6	5	5	0	0	0	2	2	2
default	M0154	63	0.6984	57	44	55	5	0	5	1	0	0
default	M0159	161	0.2174	6	5	5	0	0	0	11	11	11
default	M0163	55	0.9091	32	31	31	6	6	6	8	7	8
default	M0172	20	0.4500	8	8	8	1	0	1	0	0	0
default	M0175	830	0.2446	737	202	736	0	0	0	0	0	0
default	M0178	303	0.5644	148	109	129	28	23	27	75	29	37
default	M0181	9	0.8889	5	5	5	1	0	1	2	2	2
default	M0188	120	0.1083	54	13	21	53	0	4	1	0	0
default	M0194	70	0.6429	25	25	25	0	0	0	10	1	10
default	M0201	45	0.2222	22	8	12	2	2	2	3	0	0
default	M0202	1	1.0000	1	1	1	0	0	0	0	0	0
default	M0205	263	0.9734	170	168	170	0	0	0	0	0	0
default	M0206	80	0.6250	28	28	28	9	9	9	6	6	6
default	M0210	224	0.1339	2	2	2	0	0	0	4	2	4
default	M0212	97	0.6082	0	0	0	0	0	0	0	0	0
default	M0216	1167	0.9811	1033	1032	1033	9	9	9	71	68	71
default	M0227	40	0.3750	6	6	6	7	6	7	1	1	1
default	M0228	122	0.1639	13	13	13	0	0	0	12	6	7
default	M0231	16	1.0000	11	11	11	0	0	0	3	3	3
default	M0234	19	0.2632	8	5	8	0	0	0	1	0	1
default	M0235	18	0.1111	17	2	11	0	0	0	1	0	1
default	M0237	616	0.1477	92	91	91	0	0	0	1	0	0
default	M0243	14	1.0000	0	0	0	0	0	0	0	0	0
default	M0250	15	1.0000	15	15	15	0	0	0	0	0	0
default	M0253	240	0.2833	40	13	40	4	3	4	112	25	111
default	M0254	19	0.9474	14	14	14	0	0	0	2	2	2
default	M0257	256	0.4062	91	91	91	117	10	117	2	1	2
default	M0260	22	1.0000	17	17	17	3	3	3	2	2	2
default	M0261	23	0.6957	18	16	18	0	0	0	0	0	0
default	M0262	20	1.0000	9	9	9	11	11	11	0	0	0
default	M0263	51	0.1176	7	6	6	1	0	1	11	0	8
default	M0266	47	0.8511	0	0	0	13	12	13	0	0	0
default	M0272	45	0.7333	15	15	15	2	2	2	3	2	2
default	M0278	105	0.5714	74	59	72	0	0	0	1	0	1
default	M0281	3	0.6667	2	2	2	0	0	0	0	0	0
default	M0293	62	0.6613	51	33	44	1	0	1	7	7	7
default	M0294	116	0.9569	79	78	78	1	1	1	4	4	4
default	M0297	18	0.0556	14	1	3	0	0	0	4	0	0
default	M0298	366	0.0027	1	1	1	0	0	0	0	0	0
default	M0301	52	0.4231	1	1	1	0	0	0	0	0	0
default	M0308	174	1.0000	145	145	145	5	5	5	22	22	22
default	M0311	84	1.0000	68	68	68	8	8	8	3	3	3
default	M0313	19	0.9474	14	14	14	0	0	0	3	3	3
default	M0314	48	0.1042	0	0	0	0	0	0	0	0	0
default	M0321	25	0.2000	4	3	4	8	0	6	5	0	5
default	M0334	23	1.0000	21	21	21	0	0	0	1	1	1
default	M0338	28	0.0357	22	1	16	0	0	0	0	0	0
default	M0346	143	0.1119	0	0	0	0	0	0	0	0	0
default	M0348	180	0.3944	23	23	23	51	45	51	1	1	1
default	M0351	26	0.6154	16	15	15	7	0	4	2	0	2
default	M0353	14	0.5714	11	8	9	1	0	0	0	0	0
default	M0357	6	0.8333	5	5	5	0	0	0	0	0	0
default	M0358	1	1.0000	1	1	1	0	0	0	0	0	0
default	M0363	66	0.0758	15	5	9	50	0	2	0	0	0
default	M0369	87	0.3563	2	1	1	1	0	0	35	22	24
default	M0371	123	0.0894	114	11	113	2	0	0	5	0	1
default	M0376	42	0.8095	38	34	38	2	0	2	2	0	2
default	M0377	215	0.3209	15	15	15	6	6	6	14	14	14
default	M0379	121	0.2645	32	24	32	0	0	0	10	8	10
default	M0380	27	0.6667	18	17	17	2	1	2	1	0	1
default	M0381	76	0.5921	44	44	44	0	0	0	5	0	5
default	M0383	131	0.7023	0	0	0	0	0	0	0	0	0
default	M0384	107	0.0280	5	3	5	0	0	0	3	0	2
default	M0386	5	0.8000	4	4	4	1	0	1	0	0	0
default	M0387	2182	0.0211	0	0	0	0	0	0	0	0	0
default	M0391	15	0.6000	15	9	11	0	0	0	0	0	0
default	M0398	37	0.0270	24	1	24	0	0	0	13	0	13
default	M0401	396	0.0101	6	4	6	6	0	5	0	0	0
default	M0403	17	0.8235	16	14	16	0	0	0	1	0	1
default	M0410	34	0.2941	2	2	2	0	0	0	0	0	0
default	M0412	61	0.1148	5	4	5	0	0	0	0	0	0
default	M0414	83	0.9639	69	66	68	1	1	1	10	10	10
default	M0416	5	1.0000	5	5	5	0	0	0	0	0	0
default	M0420	18	0.3333	11	6	9	1	0	1	6	0	5
default	M0423	99	0.0707	75	7	15	7	0	1	6	0	0
default	M0425	2202	0.0259	1484	35	499	79	1	10	60	0	14
default	M0426	20	0.9500	5	5	5	3	3	3	9	9	9
default	M0428	11	0.8182	10	9	10	0	0	0	1	0	1
default	M0429	48	0.4792	40	22	40	2	0	2	1	0	1
default	M0431	4	1.0000	4	4	4	0	0	0	0	0	0
default	M0433	214	0.0374	144	8	100	31	0	4	18	0	1
default	M0434	13	0.0769	12	1	12	0	0	0	1	0	1
default	M0435	88	0.1250	0	0	0	0	0	0	0	0	0
default	M0440	50	0.8000	30	27	27	5	5	5	8	7	8
default	M0444	84	0.7738	65	65	65	15	0	15	4	0	4
default	M0447	6	0.3333	1	1	1	0	0	0	0	0	0
default	M0448	8	0.1250	4	1	2	0	0	0	4	0	0
default	M0453	66	0.2727	5	5	5	3	2	3	0	0	0
default	M0454	15	0.8000	13	12	13	0	0	0	1	0	1
default	M0456	18	0.1111	10	2	8	0	0	0	6	0	0
default	M0458	26	0.7692	22	20	20	0	0	0	0	0	0
default	M0462	50	0.7800	43	37	42	1	1	1	3	0	3
default	M0466	194	0.0670	2	2	2	0	0	0	0	0	0
default	M0472	97	0.9794	88	88	88	4	4	4	0	0	0
default	M0477	72	0.6806	63	49	63	1	0	1	5	0	4
default	M0484	102	1.0000	0	0	0	0	0	0	101	101	101
default	M0488	7	1.0000	7	7	7	0	0	0	0	0	0
default	M0497	16	0.8750	8	8	8	3	2	3	4	4	4
default	M0502	129	0.0465	5	5	5	1	1	1	0	0	0
default	M0505	28	0.1071	1	1	1	0	0	0	0	0	0
default	M0506	117	0.6325	49	48	49	12	10	11	19	16	19
default	M0508	8	1.0000	4	4	4	0	0	0	0	0	0
default	M0510	63	0.0317	45	2	45	8	0	8	1	0	1
default	M0515	21	0.5714	9	9	9	1	0	1	8	2	6
default	M0519	20	0.9000	12	12	12	4	4	4	0	0	0
default	M0520	446	0.6054	6	4	4	9	1	7	359	264	356
default	M0544	14	0.7857	9	9	9	0	0	0	3	1	2
default	M0545	20	0.7500	14	14	14	0	0	0	0	0	0
default	M0547	8	0.6250	5	5	5	0	0	0	0	0	0
default	M0550	21	0.3810	11	8	8	1	0	0	8	0	2
default	M0563	32	0.0000	7	0	0	0	0	0	0	0	0
default	M0564	400	0.0225	347	8	330	2	0	1	7	0	5
default	M0565	14	0.3571	13	5	6	0	0	0	1	0	0
default	M0574	134	0.1642	66	22	62	3	0	3	34	0	33
default	M0580	10	0.8000	8	8	8	0	0	0	2	0	2
default	M0589	69	0.0725	18	2	17	0	0	0	8	2	6
default	M0590	20	0.1500	3	3	3	0	0	0	0	0	0
default	M0597	28	0.4286	25	12	20	0	0	0	3	0	3
default	M0600	79	0.4430	79	35	79	0	0	0	0	0	0
default	M0609	86	0.1512	56	13	55	0	0	0	0	0	0
default	M0612	92	0.5326	81	49	79	1	0	0	1	0	0
default	M0616	6	1.0000	6	6	6	0	0	0	0	0	0
default	M0623	17	1.0000	16	16	16	0	0	0	0	0	0
default	M0625	9	0.2222	6	2	3	0	0	0	0	0	0
default	M0634	10	1.0000	9	9	9	0	0	0	1	1	1
default	M0636	17	0.4118	7	7	7	0	0	0	3	0	3
default	M0642	31	0.1935	8	6	8	0	0	0	0	0	0
default	M0651	65	0.1231	12	8	9	6	0	2	34	0	10
default	M0653	26	0.1923	2	2	2	0	0	0	3	0	1
default	M0655	7	0.4286	4	2	2	0	0	0	0	0	0
default	M0658	13	0.2308	12	3	12	0	0	0	1	0	1
default	M0663	97	0.1237	16	12	15	0	0	0	78	0	39
default	M0669	11	0.0909	11	1	8	0	0	0	0	0	0
default	M0674	38	0.1053	4	4	4	2	0	0	10	0	6
default	M0682	329	0.0061	225	2	216	0	0	0	28	0	22
default	M0683	30	0.9667	13	13	13	1	1	1	0	0	0
default	M0693	412	0.0170	352	5	341	2	0	1	7	0	5
default	M0697	156	0.0385	74	6	74	76	0	62	0	0	0
default	M0709	351	0.3960	3	3	3	0	0	0	192	135	187
default	M0727	24	0.3333	5	5	5	2	1	2	13	2	12
default	M0732	20	0.2000	2	1	2	1	1	1	11	2	3
default	M0734	10	0.3000	4	3	3	0	0	0	2	0	0
default	M0736	4	1.0000	4	4	4	0	0	0	0	0	0
default	M0738	16	0.6875	15	10	15	1	1	1	0	0	0
default	M0742	3	1.0000	3	3	3	0	0	0	0	0	0
default	M0748	20	1.0000	20	20	20	0	0	0	0	0	0
default	M0752	9	1.0000	8	8	8	0	0	0	1	1	1
default	M0754	13	0.3077	9	4	8	1	0	0	0	0	0
default	M0755	12	0.6667	1	1	1	0	0	0	0	0	0
default	M0759	80	0.4625	33	24	32	1	0	1	0	0	0
default	M0768	237	0.0802	16	15	16	4	4	4	0	0	0
default	M0771	285	0.0175	24	5	24	44	0	29	109	0	16
default	M0781	8	0.8750	6	6	6	0	0	0	1	1	1
default	M0789	62	0.2903	27	12	25	18	2	17	1	0	1
default	M0792	11	0.0909	2	1	2	0	0	0	2	0	0
default	M0795	80	0.2250	1	1	1	13	13	13	2	2	2
default	M0798	2197	0.0023	1455	5	937	67	0	7	89	0	54
default	M0806	5	0.2000	1	1	1	2	0	2	0	0	0
default	M0808	5	0.8000	4	4	4	0	0	0	0	0	0
default	M0810	38	0.3158	2	2	2	0	0	0	11	7	11
default	M0815	243	0.6831	205	164	198	0	0	0	19	0	12
default	M0816	242	0.0826	16	12	14	2	0	0	193	8	55
default	M0819	26	0.7692	18	17	18	3	1	3	4	1	4
default	M0822	3	1.0000	2	2	2	0	0	0	1	1	1
default	M0826	22	0.2727	18	6	18	0	0	0	3	0	1
default	M0829	7	0.8571	6	6	6	0	0	0	1	0	1
default	M0835	62	0.4032	4	4	4	1	0	0	4	0	2
default	M0843	17	0.5882	12	10	11	3	0	1	0	0	0
default	M0850	40	0.4250	22	13	15	1	0	0	0	0	0
default	M0851	24	0.0833	1	1	1	0	0	0	0	0	0
default	M0854	136	0.0662	53	9	47	54	0	31	0	0	0
default	M0855	55	0.1636	15	8	12	0	0	0	7	0	2
default	M0857	13	0.7692	13	10	10	0	0	0	0	0	0
default	M0858	353	0.8584	327	294	319	3	0	3	19	7	19
default	M0860	14	0.2143	4	3	4	0	0	0	0	0	0
default	M0862	21	0.5238	16	11	16	0	0	0	1	0	1
default	M0869	6	1.0000	4	4	4	0	0	0	2	2	2
default	M0874	4	0.7500	2	2	2	0	0	0	0	0	0
default	M0879	38	0.1316	3	3	3	4	1	3	1	1	1
default	M0881	157	0.9682	152	148	152	3	3	3	1	1	1
default	M0884	24	0.8333	20	20	20	0	0	0	0	0	0
default	M0885	17	0.2353	3	3	3	0	0	0	0	0	0
default	M0895	131	0.0458	2	2	2	0	0	0	1	0	0
default	M0900	448	0.7210	367	321	360	12	0	8	14	0	13
default	M0905	231	0.0216	107	5	92	17	0	7	62	0	52
default	M0906	266	0.2293	226	61	223	15	0	15	23	0	18
default	M0908	79	0.1013	10	5	10	0	0	0	1	0	1
default	M0910	8	1.0000	8	8	8	0	0	0	0	0	0
default	M0916	1	1.0000	0	0	0	0	0	0	0	0	0
default	M0918	140	0.4429	0	0	0	0	0	0	0	0	0
default	M0919	19	0.5789	12	8	12	1	0	0	0	0	0
default	M0920	39	0.3077	1	1	1	0	0	0	0	0	0
default	M0925	24	0.0417	3	1	3	0	0	0	8	0	3
default	M0931	74	0.8378	67	61	64	3	1	3	1	0	0
default	M0937	32	0.4688	27	15	24	1	0	0	1	0	1
default	M0939	27	0.2593	7	7	7	0	0	0	0	0	0
default	M0940	122	0.0574	8	6	8	7	0	7	64	1	64
default	M0947	68	0.0588	26	4	26	4	0	4	1	0	0
default	M0952	89	0.0562	5	5	5	0	0	0	0	0	0
default	M0957	223	0.1256	88	28	87	0	0	0	2	0	2
default	M0958	243	0.2428	89	58	89	0	0	0	2	1	2
default	M0959	178	0.0674	3	3	3	0	0	0	77	9	76
default	M0961	155	0.0387	39	6	39	14	0	12	21	0	18
default	M0962	147	0.0816	55	11	55	20	0	19	46	0	40
default	M0964	69	0.1159	4	4	4	0	0	0	0	0	0
master	M0003	95	0.2000	20	19	19	71	0	68	1	0	0
master	M0010	15	0.9333	13	13	13	1	1	1	0	0	0
master	M0019	22	1.0000	22	22	22	0	0	0	0	0	0
master	M0020	120	0.8667	10	9	10	87	81	85	8	7	8
master	M0028	22	0.9091	20	20	20	0	0	0	0	0	0
master	M0031	321	0.7975	261	222	253	12	12	12	7	4	5
master	M0033	15	0.2000	8	2	8	1	0	1	3	1	2
master	M0040	61	0.1639	52	10	15	0	0	0	1	0	0
master	M0043	22	0.9545	14	14	14	0	0	0	6	6	6
master	M0044	75	0.8800	15	13	13	7	7	7	17	16	17
master	M0048	104	0.6827	76	57	74	15	11	15	3	3	3
master	M0054	46	0.7391	36	33	35	4	0	4	5	1	4
master	M0058	42	0.1667	9	1	4	0	0	0	11	0	8
master	M0065	56	0.6429	33	23	29	1	1	1	20	12	14
master	M0066	60	0.2833	18	14	18	26	1	13	3	1	3
master	M0067	42	0.3095	3	3	3	7	7	7	0	0	0
master	M0070	172	0.0465	8	8	8	0	0	0	5	0	1
master	M0075	3	0.6667	3	2	3	0	0	0	0	0	0
master	M0076	102	0.3627	98	34	85	0	0	0	0	0	0
master	M0077	108	0.5185	57	49	52	2	2	2	17	2	10
master	M0081	10	0.5000	5	3	5	0	0	0	1	1	1
master	M0085	12	0.7500	10	7	9	1	1	1	1	1	1
master	M0087	72	0.8889	42	42	42	1	1	1	2	2	2
master	M0090	61	0.9836	47	47	47	0	0	0	6	6	6
master	M0092	43	0.9302	37	37	37	0	0	0	5	3	4
master	M0093	24	1.0000	5	5	5	6	6	6	0	0	0
master	M0096	24	0.0000	2	0	2	0	0	0	20	0	6
master	M0100	381	0.3438	182	112	169	34	5	24	98	14	63
master	M0104	12	0.4167	5	5	5	0	0	0	0	0	0
master	M0107	78	0.0769	6	6	6	0	0	0	0	0	0
master	M0108	178	0.0056	1	1	1	0	0	0	3	0	3
master	M0109	212	0.6934	98	98	98	0	0	0	6	6	6
master	M0111	11	0.2727	5	3	5	6	0	2	0	0	0
master	M0117	121	0.3884	39	37	39	8	7	8	2	2	2
master	M0118	108	0.8241	86	86	86	0	0	0	19	1	19
master	M0121	55	0.1455	1	1	1	0	0	0	0	0	0
master	M0122	29	0.6552	3	3	3	0	0	0	7	6	6
master	M0123	29	0.2414	0	0	0	0	0	0	2	2	2
master	M0125	40	0.9250	13	13	13	2	2	2	2	1	1
master	M0131	48	0.7708	34	34	34	3	3	3	0	0	0
master	M0134	56	0.9286	55	52	55	0	0	0	1	0	1
master	M0136	11	0.9091	8	8	8	0	0	0	1	1	1
master	M0139	78	0.3077	43	24	43	1	0	0	1	0	1
master	M0141	27	0.1852	0	0	0	0	0	0	0	0	0
master	M0142	15	0.4667	6	5	5	0	0	0	2	2	2
master	M0154	63	0.7302	57	46	55	5	0	5	1	0	0
master	M0159	161	0.8137	6	5	5	0	0	0	11	11	11
master	M0163	55	0.9273	32	31	31	6	6	6	8	7	8
master	M0172	20	0.4500	8	8	8	1	0	1	0	0	0
master	M0175	830	0.0157	737	13	736	0	0	0	0	0	0
master	M0178	303	0.4257	148	88	130	28	11	27	75	23	37
master	M0181	9	0.8889	5	5	5	1	0	1	2	2	2
master	M0188	120	0.0667	54	8	21	53	0	4	1	0	0
master	M0194	70	0.5857	25	19	25	0	0	0	10	3	10
master	M0201	45	0.2000	22	8	12	2	1	2	3	0	0
master	M0202	1	1.0000	1	1	1	0	0	0	0	0	0
master	M0205	263	0.9582	170	163	170	0	0	0	0	0	0
master	M0206	80	0.6500	28	28	28	9	9	9	6	6	6
master	M0210	224	0.0580	2	2	2	0	0	0	4	4	4
master	M0212	97	0.5979	0	0	0	0	0	0	0	0	0
master	M0216	1167	0.9837	1033	1032	1033	9	9	9	71	71	71
master	M0227	40	0.2500	6	6	6	7	2	7	1	0	1
master	M0228	122	0.1311	13	11	13	0	0	0	12	5	7
master	M0231	16	1.0000	11	11	11	0	0	0	3	3	3
master	M0234	19	0.2632	8	5	8	0	0	0	1	0	1
master	M0235	18	0.0556	17	1	11	0	0	0	1	0	1
master	M0237	616	0.1445	92	89	92	0	0	0	1	0	0
master	M0243	14	1.0000	0	0	0	0	0	0	0	0	0
master	M0250	15	1.0000	15	15	15	0	0	0	0	0	0
master	M0253	240	0.4917	40	28	40	4	4	4	112	33	111
master	M0254	19	1.0000	14	14	14	0	0	0	2	2	2
master	M0257	256	0.8203	91	90	91	117	116	117	2	1	2
master	M0260	22	1.0000	17	17	17	3	3	3	2	2	2
master	M0261	23	0.6957	18	16	18	0	0	0	0	0	0
master	M0262	20	1.0000	9	9	9	11	11	11	0	0	0
master	M0263	51	0.1176	7	6	6	1	0	1	11	0	8
master	M0266	47	0.8723	0	0	0	13	13	13	0	0	0
master	M0272	45	0.6222	15	14	15	2	1	2	3	2	2
master	M0278	105	0.5333	74	55	72	0	0	0	1	0	1
master	M0281	3	0.6667	2	2	2	0	0	0	0	0	0
master	M0293	62	0.4516	51	24	44	1	0	0	7	3	7
master	M0294	116	0.8966	79	76	78	1	1	1	4	3	4
master	M0297	18	0.0556	14	1	3	0	0	0	4	0	0
master	M0298	366	0.0027	1	1	1	0	0	0	0	0	0
master	M0301	52	0.2115	1	1	1	0	0	0	0	0	0
master	M0308	174	1.0000	145	145	145	5	5	5	22	22	22
master	M0311	84	1.0000	68	68	68	8	8	8	3	3	3
master	M0313	19	0.6316	14	12	14	0	0	0	3	0	3
master	M0314	48	0.0833	0	0	0	0	0	0	0	0	0
master	M0321	25	0.3200	4	2	4	8	2	6	5	2	5
master	M0334	23	1.0000	21	21	21	0	0	0	1	1	1
master	M0338	28	0.0000	22	0	16	0	0	0	0	0	0
master	M0346	143	0.0979	0	0	0	0	0	0	0	0	0
master	M0348	180	0.3667	23	22	23	51	42	51	1	1	1
master	M0351	26	0.5769	16	14	15	7	0	4	2	0	2
master	M0353	14	0.4286	11	6	9	1	0	0	0	0	0
master	M0357	6	0.5000	5	3	5	0	0	0	0	0	0
master	M0358	1	1.0000	1	1	1	0	0	0	0	0	0
master	M0363	66	0.0455	15	3	8	50	0	2	0	0	0
master	M0369	87	0.3218	2	1	1	1	0	0	35	21	24
master	M0371	123	0.1138	114	14	113	2	0	0	5	0	1
master	M0376	42	0.7143	38	30	38	2	0	2	2	0	2
master	M0377	215	0.0837	15	14	15	6	1	6	14	2	14
master	M0379	121	0.2479	32	22	32	0	0	0	10	8	10
master	M0380	27	0.5926	18	16	17	2	0	2	1	0	1
master	M0381	76	0.5789	44	43	44	0	0	0	5	0	5
master	M0383	131	0.5878	0	0	0	0	0	0	0	0	0
master	M0384	107	0.0187	5	1	5	0	0	0	3	0	2
master	M0386	5	1.0000	4	4	4	1	1	1	0	0	0
master	M0387	2182	0.0000	0	0	0	0	0	0	0	0	0
master	M0391	15	0.5333	15	8	11	0	0	0	0	0	0
master	M0398	37	0.0270	24	1	24	0	0	0	13	0	13
master	M0401	396	0.0101	6	4	6	6	0	5	0	0	0
master	M0403	17	0.7647	16	12	16	0	0	0	1	1	1
master	M0410	34	0.2353	2	2	2	0	0	0	0	0	0
master	M0412	61	0.1148	5	4	5	0	0	0	0	0	0
master	M0414	83	0.6265	69	52	68	1	0	1	10	0	10
master	M0416	5	1.0000	5	5	5	0	0	0	0	0	0
master	M0420	18	0.3333	11	6	8	1	0	1	6	0	3
master	M0423	99	0.0101	75	1	17	7	0	1	6	0	0
master	M0425	2202	0.0095	1484	16	364	79	1	9	60	1	9
master	M0426	20	0.9500	5	5	5	3	3	3	9	9	9
master	M0428	11	0.6364	10	7	10	0	0	0	1	0	1
master	M0429	48	0.3750	40	17	40	2	0	2	1	0	1
master	M0431	4	1.0000	4	4	4	0	0	0	0	0	0
master	M0433	214	0.0000	144	0	14	31	0	2	18	0	1
master	M0434	13	0.0769	12	1	12	0	0	0	1	0	1
master	M0435	88	0.1250	0	0	0	0	0	0	0	0	0
master	M0440	50	0.5000	30	18	27	5	5	5	8	2	8
master	M0444	84	0.6548	65	55	65	15	0	15	4	0	4
master	M0447	6	0.5000	1	1	1	0	0	0	0	0	0
master	M0448	8	0.1250	4	1	1	0	0	0	4	0	0
master	M0453	66	0.5909	5	5	5	3	3	3	0	0	0
master	M0454	15	0.8000	13	12	13	0	0	0	1	0	1
master	M0456	18	0.1111	10	2	8	0	0	0	6	0	0
master	M0458	26	0.3846	22	10	20	0	0	0	0	0	0
master	M0462	50	0.7800	43	37	42	1	1	1	3	0	3
master	M0466	194	0.0722	2	2	2	0	0	0	0	0	0
master	M0472	97	0.9588	88	87	88	4	3	4	0	0	0
master	M0477	72	0.6528	63	47	63	1	0	1	5	0	4
master	M0484	102	1.0000	0	0	0	0	0	0	101	101	101
master	M0488	7	1.0000	7	7	7	0	0	0	0	0	0
master	M0497	16	0.8750	8	8	8	3	2	3	4	4	4
master	M0502	129	0.0465	5	5	5	1	1	1	0	0	0
master	M0505	28	0.1071	1	1	1	0	0	0	0	0	0
master	M0506	117	0.5812	49	48	49	12	10	11	19	10	18
master	M0508	8	1.0000	4	4	4	0	0	0	0	0	0
master	M0510	63	0.0476	45	3	45	8	0	8	1	0	1
master	M0515	21	0.5238	9	8	9	1	0	1	8	2	6
master	M0519	20	0.9000	12	12	12	4	4	4	0	0	0
master	M0520	446	0.7377	6	4	4	9	1	7	359	322	356
master	M0544	14	0.7143	9	8	9	0	0	0	3	1	2
master	M0545	20	0.3500	14	7	14	0	0	0	0	0	0
master	M0547	8	0.5000	5	4	5	0	0	0	0	0	0
master	M0550	21	0.2381	11	5	8	1	0	0	8	0	2
master	M0563	32	0.0000	7	0	0	0	0	0	0	0	0
master	M0564	400	0.0000	347	0	330	2	0	1	7	0	5
master	M0565	14	0.2143	13	3	6	0	0	0	1	0	0
master	M0574	134	0.1119	66	15	62	3	0	3	34	0	33
master	M0580	10	0.6000	8	6	8	0	0	0	2	0	2
master	M0589	69	0.0580	18	2	17	0	0	0	8	2	6
master	M0590	20	0.1500	3	3	3	0	0	0	0	0	0
master	M0597	28	0.5000	25	14	20	0	0	0	3	0	3
master	M0600	79	0.4557	79	36	79	0	0	0	0	0	0
master	M0609	86	0.1047	56	9	55	0	0	0	0	0	0
master	M0612	92	0.6848	81	61	79	1	0	0	1	0	0
master	M0616	6	0.8333	6	5	6	0	0	0	0	0	0
master	M0623	17	0.9412	16	15	16	0	0	0	0	0	0
master	M0625	9	0.2222	6	2	3	0	0	0	0	0	0
master	M0634	10	0.6000	9	6	9	0	0	0	1	0	1
master	M0636	17	0.4118	7	7	7	0	0	0	3	0	3
master	M0642	31	0.0000	8	0	8	0	0	0	0	0	0
master	M0651	65	0.1077	12	7	9	6	0	2	34	0	9
master	M0653	26	0.1538	2	2	2	0	0	0	3	0	1
master	M0655	7	0.4286	4	2	2	0	0	0	0	0	0
master	M0658	13	0.2308	12	3	12	0	0	0	1	0	1
master	M0663	97	0.0928	16	9	15	0	0	0	78	0	31
master	M0669	11	0.0000	11	0	8	0	0	0	0	0	0
master	M0674	38	0.1053	4	4	4	2	0	0	10	0	5
master	M0682	329	0.0122	225	4	216	0	0	0	28	0	22
master	M0683	30	0.8667	13	13	13	1	1	1	0	0	0
master	M0693	412	0.0146	352	5	341	2	0	1	7	0	5
master	M0697	156	0.0385	74	6	74	76	0	62	0	0	0
master	M0709	351	0.0085	3	3	3	0	0	0	192	0	187
master	M0727	24	0.3333	5	5	5	2	2	2	13	1	12
master	M0732	20	0.2500	2	1	2	1	1	1	11	3	3
master	M0734	10	0.2000	4	2	3	0	0	0	2	0	0
master	M0736	4	0.7500	4	3	4	0	0	0	0	0	0
master	M0738	16	0.2500	15	4	15	1	0	1	0	0	0
master	M0742	3	1.0000	3	3	3	0	0	0	0	0	0
master	M0748	20	0.9500	20	19	20	0	0	0	0	0	0
master	M0752	9	0.8889	8	7	8	0	0	0	1	1	1
master	M0754	13	0.3077	9	4	8	1	0	0	0	0	0
master	M0755	12	0.5833	1	1	1	0	0	0	0	0	0
master	M0759	80	0.1875	33	11	32	1	0	1	0	0	0
master	M0768	237	0.0633	16	12	16	4	3	4	0	0	0
master	M0771	285	0.0175	24	5	24	44	0	29	109	0	16
master	M0781	8	0.7500	6	6	6	0	0	0	1	0	1
master	M0789	62	0.3710	27	14	25	18	4	17	1	0	1
master	M0792	11	0.0909	2	1	2	0	0	0	2	0	1
master	M0795	80	0.2500	1	1	1	13	13	13	2	2	2
master	M0798	2197	0.0086	1455	18	944	67	0	7	89	0	56
master	M0806	5	0.2000	1	1	1	2	0	2	0	0	0
master	M0808	5	0.8000	4	4	4	0	0	0	0	0	0
master	M0810	38	0.3947	2	2	2	0	0	0	11	7	11
master	M0815	243	0.6214	205	150	196	0	0	0	19	0	12
master	M0816	242	0.0537	16	9	14	2	0	0	193	4	11
master	M0819	26	0.6154	18	15	18	3	0	3	4	0	4
master	M0822	3	0.6667	2	1	2	0	0	0	1	1	1
master	M0826	22	0.1364	18	3	18	0	0	0	3	0	1
master	M0829	7	0.7143	6	5	6	0	0	0	1	0	1
master	M0835	62	0.2258	4	1	4	1	0	0	4	0	2
master	M0843	17	0.5294	12	9	11	3	0	1	0	0	0
master	M0850	40	0.3000	22	9	15	1	0	0	0	0	0
master	M0851	24	0.0833	1	1	1	0	0	0	0	0	0
master	M0854	136	0.0441	53	6	47	54	0	26	0	0	0
master	M0855	55	0.1818	15	8	12	0	0	0	7	0	2
master	M0857	13	0.2308	13	3	10	0	0	0	0	0	0
master	M0858	353	0.7790	327	266	319	3	0	3	19	7	19
master	M0860	14	0.2143	4	3	4	0	0	0	0	0	0
master	M0862	21	0.4762	16	10	14	0	0	0	1	0	1
master	M0869	6	0.8333	4	3	4	0	0	0	2	2	2
master	M0874	4	0.7500	2	2	2	0	0	0	0	0	0
master	M0879	38	0.1579	3	3	3	4	2	3	1	1	1
master	M0881	157	0.9745	152	149	152	3	3	3	1	1	1
master	M0884	24	0.7917	20	19	20	0	0	0	0	0	0
master	M0885	17	0.2353	3	3	3	0	0	0	0	0	0
master	M0895	131	0.0382	2	2	2	0	0	0	1	0	0
master	M0900	448	0.7500	367	334	360	12	0	8	14	0	13
master	M0905	231	0.0000	107	0	89	17	0	3	62	0	50
master	M0906	266	0.1391	226	37	223	15	0	15	23	0	20
master	M0908	79	0.0759	10	5	8	0	0	0	1	0	0
master	M0910	8	1.0000	8	8	8	0	0	0	0	0	0
master	M0916	1	0.0000	0	0	0	0	0	0	0	0	0
master	M0918	140	0.4571	0	0	0	0	0	0	0	0	0
master	M0919	19	0.5789	12	8	12	1	0	0	0	0	0
master	M0920	39	0.2821	1	1	1	0	0	0	0	0	0
master	M0925	24	0.0833	3	2	3	0	0	0	8	0	3
master	M0931	74	0.6622	67	48	62	3	1	3	1	0	0
master	M0937	32	0.0625	27	2	24	1	0	0	1	0	1
master	M0939	27	0.2593	7	7	7	0	0	0	0	0	0
master	M0940	122	0.0902	8	6	8	7	0	7	64	5	64
master	M0947	68	0.0588	26	4	26	4	0	4	1	0	0
master	M0952	89	0.0449	5	4	5	0	0	0	0	0	0
master	M0957	223	0.1121	88	25	88	0	0	0	2	0	2
master	M0958	243	0.2222	89	53	89	0	0	0	2	1	2
master	M0959	178	0.0618	3	3	3	0	0	0	77	8	76
master	M0961	155	0.0452	39	7	39	14	0	13	21	0	19
master	M0962	147	0.0748	55	11	54	20	0	19	46	0	41
master	M0964	69	0.1014	4	4	4	0	0	0	0	0	0
sensitive	M0003	95	0.2000	20	19	20	71	0	68	1	0	0
sensitive	M0010	15	0.9333	13	13	13	1	1	1	0	0	0
sensitive	M0019	22	1.0000	22	22	22	0	0	0	0	0	0
sensitive	M0020	120	0.8500	10	9	10	87	81	84	8	7	8
sensitive	M0028	22	0.9091	20	20	20	0	0	0	0	0	0
sensitive	M0031	321	0.8629	261	249	258	12	12	12	7	4	7
sensitive	M0033	15	0.6667	8	8	8	1	0	1	3	2	3
sensitive	M0040	61	0.2131	52	13	16	0	0	0	1	0	0
sensitive	M0043	22	0.9091	14	14	14	0	0	0	6	6	6
sensitive	M0044	75	0.8267	15	13	13	7	7	7	17	16	17
sensitive	M0048	104	0.7115	76	65	76	15	9	15	3	0	3
sensitive	M0054	46	0.7826	36	34	36	4	0	4	5	1	5
sensitive	M0058	42	0.2857	9	3	4	0	0	0	11	0	8
sensitive	M0065	56	0.7500	33	29	31	1	1	1	20	12	16
sensitive	M0066	60	0.3333	18	15	16	26	2	12	3	2	3
sensitive	M0067	42	0.2857	3	3	3	7	6	7	0	0	0
sensitive	M0070	172	0.0465	8	8	8	0	0	0	5	0	3
sensitive	M0075	3	0.6667	3	2	3	0	0	0	0	0	0
sensitive	M0076	102	0.3725	98	35	88	0	0	0	0	0	0
sensitive	M0077	108	0.6667	57	51	53	2	0	2	17	9	12
sensitive	M0081	10	0.5000	5	4	5	0	0	0	1	1	1
sensitive	M0085	12	0.9167	10	9	9	1	1	1	1	1	1
sensitive	M0087	72	0.8750	42	41	42	1	1	1	2	2	2
sensitive	M0090	61	0.9508	47	47	47	0	0	0	6	6	6
sensitive	M0092	43	0.9302	37	37	37	0	0	0	5	3	4
sensitive	M0093	24	1.0000	5	5	5	6	6	6	0	0	0
sensitive	M0096	24	0.0833	2	2	2	0	0	0	20	0	8
sensitive	M0100	381	0.6378	182	172	172	34	23	28	98	38	71
sensitive	M0104	12	0.4167	5	5	5	0	0	0	0	0	0
sensitive	M0107	78	0.1282	6	6	6	0	0	0	0	0	0
sensitive	M0108	178	0.0112	1	1	1	0	0	0	3	1	3
sensitive	M0109	212	0.5849	98	98	98	0	0	0	6	5	6
sensitive	M0111	11	0.4545	5	5	5	6	0	4	0	0	0
sensitive	M0117	121	0.4463	39	39	39	8	8	8	2	2	2
sensitive	M0118	108	0.9537	86	86	86	0	0	0	19	15	19
sensitive	M0121	55	0.2727	1	1	1	0	0	0	0	0	0
sensitive	M0122	29	0.7586	3	3	3	0	0	0	7	6	6
sensitive	M0123	29	0.2414	0	0	0	0	0	0	2	2	2
sensitive	M0125	40	0.9250	13	13	13	2	2	2	2	1	1
sensitive	M0131	48	0.7708	34	34	34	3	3	3	0	0	0
sensitive	M0134	56	1.0000	55	55	55	0	0	0	1	1	1
sensitive	M0136	11	0.8182	8	8	8	0	0	0	1	0	1
sensitive	M0139	78	0.5385	43	42	43	1	0	1	1	0	1
sensitive	M0141	27	0.2593	0	0	0	0	0	0	0	0	0
sensitive	M0142	15	0.4667	6	5	5	0	0	0	2	2	2
sensitive	M0154	63	0.6984	57	44	56	5	0	5	1	0	0
sensitive	M0159	161	0.2112	6	5	6	0	0	0	11	11	11
sensitive	M0163	55	0.9273	32	31	31	6	6	6	8	8	8
sensitive	M0172	20	0.4500	8	8	8	1	0	1	0	0	0
sensitive	M0175	830	0.2277	737	188	736	0	0	0	0	0	0
sensitive	M0178	303	0.5908	148	110	127	28	28	28	75	32	40
sensitive	M0181	9	0.8889	5	5	5	1	0	1	2	2	2
sensitive	M0188	120	0.1083	54	13	21	53	0	5	1	0	0
sensitive	M0194	70	0.7286	25	25	25	0	0	0	10	3	10
sensitive	M0201	45	0.2000	22	7	11	2	2	2	3	0	0
sensitive	M0202	1	1.0000	1	1	1	0	0	0	0	0	0
sensitive	M0205	263	0.9810	170	169	170	0	0	0	0	0	0
sensitive	M0206	80	0.6125	28	28	28	9	9	9	6	6	6
sensitive	M0210	224	0.1295	2	2	2	0	0	0	4	2	4
sensitive	M0212	97	0.6082	0	0	0	0	0	0	0	0	0
sensitive	M0216	1167	0.9820	1033	1032	1033	9	9	9	71	68	71
sensitive	M0227	40	0.3750	6	6	6	7	5	7	1	1	1
sensitive	M0228	122	0.1475	13	12	13	0	0	0	12	6	9
sensitive	M0231	16	1.0000	11	11	11	0	0	0	3	3	3
sensitive	M0234	19	0.3158	8	5	8	0	0	0	1	0	1
sensitive	M0235	18	0.1667	17	3	17	0	0	0	1	0	1
sensitive	M0237	616	0.1477	92	90	91	0	0	0	1	0	0
sensitive	M0243	14	1.0000	0	0	0	0	0	0	0	0	0
sensitive	M0250	15	1.0000	15	15	15	0	0	0	0	0	0
sensitive	M0253	240	0.1875	40	12	40	4	3	4	112	8	112
sensitive	M0254	19	0.9474	14	14	14	0	0	0	2	2	2
sensitive	M0257	256	0.4102	91	91	91	117	10	117	2	1	2
sensitive	M0260	22	1.0000	17	17	17	3	3	3	2	2	2
sensitive	M0261	23	0.7826	18	18	18	0	0	0	0	0	0
sensitive	M0262	20	1.0000	9	9	9	11	11	11	0	0	0
sensitive	M0263	51	0.0980	7	5	6	1	0	1	11	0	8
sensitive	M0266	47	0.8936	0	0	0	13	12	13	0	0	0
sensitive	M0272	45	0.7556	15	15	15	2	2	2	3	2	3
sensitive	M0278	105	0.6095	74	62	73	0	0	0	1	0	1
sensitive	M0281	3	0.6667	2	2	2	0	0	0	0	0	0
sensitive	M0293	62	0.8065	51	42	47	1	0	1	7	7	7
sensitive	M0294	116	0.9224	79	76	76	1	1	1	4	4	4
sensitive	M0297	18	0.0556	14	1	13	0	0	0	4	0	0
sensitive	M0298	366	0.0027	1	1	1	0	0	0	0	0	0
sensitive	M0301	52	0.8654	1	1	1	0	0	0	0	0	0
sensitive	M0308	174	1.0000	145	145	145	5	5	5	22	22	22
sensitive	M0311	84	1.0000	68	68	68	8	8	8	3	3	3
sensitive	M0313	19	0.7368	14	14	14	0	0	0	3	0	3
sensitive	M0314	48	0.1042	0	0	0	0	0	0	0	0	0
sensitive	M0321	25	0.1200	4	1	4	8	0	6	5	0	5
sensitive	M0334	23	1.0000	21	21	21	0	0	0	1	1	1
sensitive	M0338	28	0.0714	22	2	13	0	0	0	0	0	0
sensitive	M0346	143	0.1119	0	0	0	0	0	0	0	0	0
sensitive	M0348	180	0.4167	23	23	23	51	49	51	1	1	1
sensitive	M0351	26	0.6154	16	15	15	7	0	5	2	0	2
sensitive	M0353	14	0.5714	11	8	9	1	0	0	0	0	0
sensitive	M0357	6	0.8333	5	5	5	0	0	0	0	0	0
sensitive	M0358	1	1.0000	1	1	1	0	0	0	0	0	0
sensitive	M0363	66	0.0909	15	6	11	50	0	2	0	0	0
sensitive	M0369	87	0.3563	2	1	1	1	0	0	35	22	24
sensitive	M0371	123	0.0732	114	9	113	2	0	0	5	0	2
sensitive	M0376	42	0.8333	38	35	38	2	0	2	2	0	2
sensitive	M0377	215	0.3070	15	15	15	6	6	6	14	14	14
sensitive	M0379	121	0.2314	32	21	32	0	0	0	10	7	10
sensitive	M0380	27	0.6667	18	17	18	2	1	2	1	0	0
sensitive	M0381	76	0.5921	44	44	44	0	0	0	5	0	5
sensitive	M0383	131	0.6794	0	0	0	0	0	0	0	0	0
sensitive	M0384	107	0.0467	5	4	5	0	0	0	3	0	2
sensitive	M0386	5	0.8000	4	4	4	1	0	1	0	0	0
sensitive	M0387	2182	0.0225	0	0	0	0	0	0	0	0	0
sensitive	M0391	15	0.6000	15	9	11	0	0	0	0	0	0
sensitive	M0398	37	0.0270	24	1	24	0	0	0	13	0	13
sensitive	M0401	396	0.0126	6	5	6	6	0	5	0	0	0
sensitive	M0403	17	0.9412	16	15	16	0	0	0	1	1	1
sensitive	M0410	34	0.2941	2	2	2	0	0	0	0	0	0
sensitive	M0412	61	0.1148	5	4	5	0	0	0	0	0	0
sensitive	M0414	83	0.9880	69	68	68	1	1	1	10	10	10
sensitive	M0416	5	1.0000	5	5	5	0	0	0	0	0	0
sensitive	M0420	18	0.3333	11	6	9	1	0	1	6	0	5
sensitive	M0423	99	0.1212	75	12	17	7	0	2	6	0	0
sensitive	M0425	2202	0.0023	1484	4	621	79	0	14	60	0	39
sensitive	M0426	20	1.0000	5	5	5	3	3	3	9	9	9
sensitive	M0428	11	0.7273	10	8	10	0	0	0	1	0	1
sensitive	M0429	48	0.4792	40	22	40	2	0	2	1	0	1
sensitive	M0431	4	1.0000	4	4	4	0	0	0	0	0	0
sensitive	M0433	214	0.0280	144	6	87	31	0	7	18	0	3
sensitive	M0434	13	0.0769	12	1	12	0	0	0	1	0	1
sensitive	M0435	88	0.1250	0	0	0	0	0	0	0	0	0
sensitive	M0440	50	0.8200	30	28	28	5	5	5	8	7	8
sensitive	M0444	84	0.7738	65	65	65	15	0	15	4	0	3
sensitive	M0447	6	0.1667	1	1	1	0	0	0	0	0	0
sensitive	M0448	8	0.1250	4	1	2	0	0	0	4	0	0
sensitive	M0453	66	0.2273	5	5	5	3	0	3	0	0	0
sensitive	M0454	15	0.6667	13	10	13	0	0	0	1	0	1
sensitive	M0456	18	0.1111	10	2	8	0	0	0	6	0	0
sensitive	M0458	26	0.7692	22	20	20	0	0	0	0	0	0
sensitive	M0462	50	0.7600	43	37	42	1	0	1	3	0	3
sensitive	M0466	194	0.0825	2	2	2	0	0	0	0	0	0
sensitive	M0472	97	0.9794	88	88	88	4	4	4	0	0	0
sensitive	M0477	72	0.7639	63	55	63	1	0	1	5	0	4
sensitive	M0484	102	1.0000	0	0	0	0	0	0	101	101	101
sensitive	M0488	7	1.0000	7	7	7	0	0	0	0	0	0
sensitive	M0497	16	0.8750	8	8	8	3	2	3	4	4	4
sensitive	M0502	129	0.0465	5	5	5	1	1	1	0	0	0
sensitive	M0505	28	0.1071	1	1	1	0	0	0	0	0	0
sensitive	M0506	117	0.5983	49	48	49	12	10	12	19	12	19
sensitive	M0508	8	1.0000	4	4	4	0	0	0	0	0	0
sensitive	M0510	63	0.0317	45	2	45	8	0	8	1	0	1
sensitive	M0515	21	0.9048	9	9	9	1	1	1	8	7	8
sensitive	M0519	20	0.9000	12	12	12	4	4	4	0	0	0
sensitive	M0520	446	0.6682	6	4	4	9	2	8	359	291	356
sensitive	M0544	14	0.7857	9	9	9	0	0	0	3	1	3
sensitive	M0545	20	0.7000	14	14	14	0	0	0	0	0	0
sensitive	M0547	8	0.5000	5	4	5	0	0	0	0	0	0
sensitive	M0550	21	0.3810	11	8	8	1	0	0	8	0	2
sensitive	M0563	32	0.0000	7	0	0	0	0	0	0	0	0
sensitive	M0564	400	0.0250	347	9	330	2	0	1	7	0	5
sensitive	M0565	14	0.3571	13	5	6	0	0	0	1	0	0
sensitive	M0574	134	0.1716	66	23	64	3	0	3	34	0	33
sensitive	M0580	10	0.9000	8	7	7	0	0	0	2	2	2
sensitive	M0589	69	0.0870	18	3	18	0	0	0	8	2	5
sensitive	M0590	20	0.1500	3	3	3	0	0	0	0	0	0
sensitive	M0597	28	0.4286	25	12	21	0	0	0	3	0	3
sensitive	M0600	79	0.4304	79	34	79	0	0	0	0	0	0
sensitive	M0609	86	0.2093	56	18	55	0	0	0	0	0	0
sensitive	M0612	92	0.6848	81	60	81	1	0	1	1	0	1
sensitive	M0616	6	1.0000	6	6	6	0	0	0	0	0	0
sensitive	M0623	17	1.0000	16	16	16	0	0	0	0	0	0
sensitive	M0625	9	0.2222	6	2	6	0	0	0	0	0	0
sensitive	M0634	10	1.0000	9	9	9	0	0	0	1	1	1
sensitive	M0636	17	0.4118	7	7	7	0	0	0	3	0	3
sensitive	M0642	31	0.1935	8	6	8	0	0	0	0	0	0
sensitive	M0651	65	0.1231	12	8	8	6	0	2	34	0	2
sensitive	M0653	26	0.2308	2	2	2	0	0	0	3	2	2
sensitive	M0655	7	0.4286	4	2	2	0	0	0	0	0	0
sensitive	M0658	13	0.2308	12	3	12	0	0	0	1	0	1
sensitive	M0663	97	0.0928	16	9	15	0	0	0	78	0	30
sensitive	M0669	11	0.0909	11	1	6	0	0	0	0	0	0
sensitive	M0674	38	0.1053	4	4	4	2	0	0	10	0	4
sensitive	M0682	329	0.0061	225	2	217	0	0	0	28	0	22
sensitive	M0683	30	0.9667	13	13	13	1	1	1	0	0	0
sensitive	M0693	412	0.0170	352	5	341	2	0	1	7	0	5
sensitive	M0697	156	0.0385	74	6	74	76	0	63	0	0	0
sensitive	M0709	351	0.0085	3	3	3	0	0	0	192	0	136
sensitive	M0727	24	0.3333	5	5	5	2	1	2	13	2	12
sensitive	M0732	20	0.2500	2	1	1	1	1	1	11	2	3
sensitive	M0734	10	0.3000	4	3	4	0	0	0	2	0	0
sensitive	M0736	4	1.0000	4	4	4	0	0	0	0	0	0
sensitive	M0738	16	0.6875	15	10	15	1	1	1	0	0	0
sensitive	M0742	3	1.0000	3	3	3	0	0	0	0	0	0
sensitive	M0748	20	1.0000	20	20	20	0	0	0	0	0	0
sensitive	M0752	9	1.0000	8	8	8	0	0	0	1	1	1
sensitive	M0754	13	0.3077	9	4	6	1	0	0	0	0	0
sensitive	M0755	12	0.6667	1	1	1	0	0	0	0	0	0
sensitive	M0759	80	0.5625	33	26	32	1	0	1	0	0	0
sensitive	M0768	237	0.0802	16	15	16	4	4	4	0	0	0
sensitive	M0771	285	0.0175	24	5	24	44	0	38	109	0	18
sensitive	M0781	8	0.8750	6	6	6	0	0	0	1	1	1
sensitive	M0789	62	0.2903	27	12	25	18	2	18	1	0	1
sensitive	M0792	11	0.1818	2	2	2	0	0	0	2	0	0
sensitive	M0795	80	0.1625	1	1	1	13	9	13	2	2	2
sensitive	M0798	2197	0.0023	1455	5	987	67	0	8	89	0	60
sensitive	M0806	5	0.2000	1	1	1	2	0	2	0	0	0
sensitive	M0808	5	1.0000	4	4	4	0	0	0	0	0	0
sensitive	M0810	38	0.3158	2	2	2	0	0	0	11	7	11
sensitive	M0815	243	0.6790	205	164	195	0	0	0	19	0	5
sensitive	M0816	242	0.0868	16	13	14	2	0	0	193	8	40
sensitive	M0819	26	0.7692	18	17	18	3	1	3	4	1	4
sensitive	M0822	3	1.0000	2	2	2	0	0	0	1	1	1
sensitive	M0826	22	0.1364	18	3	18	0	0	0	3	0	0
sensitive	M0829	7	0.8571	6	6	6	0	0	0	1	0	0
sensitive	M0835	62	0.5000	4	4	4	1	0	1	4	0	2
sensitive	M0843	17	0.5882	12	10	11	3	0	2	0	0	0
sensitive	M0850	40	0.4000	22	12	12	1	0	0	0	0	0
sensitive	M0851	24	0.0833	1	1	1	0	0	0	0	0	0
sensitive	M0854	136	0.1176	53	16	49	54	0	20	0	0	0
sensitive	M0855	55	0.1636	15	8	9	0	0	0	7	0	2
sensitive	M0857	13	0.7692	13	10	11	0	0	0	0	0	0
sensitive	M0858	353	0.7790	327	268	321	3	0	3	19	5	19
sensitive	M0860	14	0.2143	4	3	4	0	0	0	0	0	0
sensitive	M0862	21	0.5238	16	11	16	0	0	0	1	0	1
sensitive	M0869	6	1.0000	4	4	4	0	0	0	2	2	2
sensitive	M0874	4	0.7500	2	2	2	0	0	0	0	0	0
sensitive	M0879	38	0.1316	3	3	3	4	1	3	1	1	1
sensitive	M0881	157	0.9809	152	150	152	3	3	3	1	1	1
sensitive	M0884	24	0.8333	20	20	20	0	0	0	0	0	0
sensitive	M0885	17	0.2353	3	3	3	0	0	0	0	0	0
sensitive	M0895	131	0.0458	2	2	2	0	0	0	1	0	0
sensitive	M0900	448	0.7210	367	321	360	12	0	8	14	0	13
sensitive	M0905	231	0.0173	107	4	87	17	0	9	62	0	51
sensitive	M0906	266	0.2368	226	63	223	15	0	15	23	0	19
sensitive	M0908	79	0.1646	10	6	10	0	0	0	1	0	1
sensitive	M0910	8	1.0000	8	8	8	0	0	0	0	0	0
sensitive	M0916	1	1.0000	0	0	0	0	0	0	0	0	0
sensitive	M0918	140	0.4429	0	0	0	0	0	0	0	0	0
sensitive	M0919	19	0.3684	12	6	12	1	0	0	0	0	0
sensitive	M0920	39	0.3077	1	1	1	0	0	0	0	0	0
sensitive	M0925	24	0.0417	3	1	3	0	0	0	8	0	3
sensitive	M0931	74	0.8649	67	63	64	3	1	3	1	0	0
sensitive	M0937	32	0.6875	27	22	27	1	0	1	1	0	1
sensitive	M0939	27	0.2593	7	7	7	0	0	0	0	0	0
sensitive	M0940	122	0.0738	8	6	8	7	0	7	64	3	64
sensitive	M0947	68	0.2353	26	16	26	4	0	4	1	0	1
sensitive	M0952	89	0.0562	5	5	5	0	0	0	0	0	0
sensitive	M0957	223	0.1883	88	42	87	0	0	0	2	0	2
sensitive	M0958	243	0.2716	89	65	89	0	0	0	2	1	2
sensitive	M0959	178	0.1067	3	3	3	0	0	0	77	16	77
sensitive	M0961	155	0.0387	39	6	39	14	0	14	21	0	19
sensitive	M0962	147	0.0884	55	12	55	20	0	20	46	0	40
sensitive	M0964	69	0.1014	4	4	4	0	0	0	0	0	0
sensitive_aa	M0003	95	0.9158	20	20	20	71	67	67	1	0	0
sensitive_aa	M0010	15	0.9333	13	13	13	1	1	1	0	0	0
sensitive_aa	M0019	22	1.0000	22	22	22	0	0	0	0	0	0
sensitive_aa	M0020	120	0.8917	10	10	10	87	82	85	8	7	8
sensitive_aa	M0028	22	0.9091	20	20	20	0	0	0	0	0	0
sensitive_aa	M0031	321	0.8380	261	240	248	12	12	12	7	7	7
sensitive_aa	M0033	15	0.1333	8	2	8	1	0	1	3	0	3
sensitive_aa	M0040	61	0.2131	52	13	16	0	0	0	1	0	0
sensitive_aa	M0043	22	0.9091	14	14	14	0	0	0	6	6	6
sensitive_aa	M0044	75	0.8667	15	13	13	7	7	7	17	16	17
sensitive_aa	M0048	104	0.7404	76	59	71	15	14	15	3	0	3
sensitive_aa	M0054	46	0.6522	36	27	36	4	3	4	5	0	3
sensitive_aa	M0058	42	0.2857	9	3	4	0	0	0	11	0	5
sensitive_aa	M0065	56	0.7143	33	27	27	1	1	1	20	12	15
sensitive_aa	M0066	60	0.1333	18	6	16	26	2	15	3	0	2
sensitive_aa	M0067	42	0.4762	3	3	3	7	4	7	0	0	0
sensitive_aa	M0070	172	0.0465	8	8	8	0	0	0	5	0	2
sensitive_aa	M0075	3	0.6667	3	2	3	0	0	0	0	0	0
sensitive_aa	M0076	102	0.3725	98	35	82	0	0	0	0	0	0
sensitive_aa	M0077	108	0.6574	57	51	53	2	1	2	17	8	12
sensitive_aa	M0081	10	0.7000	5	4	5	0	0	0	1	1	1
sensitive_aa	M0085	12	0.8333	10	8	9	1	1	1	1	1	1
sensitive_aa	M0087	72	0.8889	42	42	42	1	1	1	2	2	2
sensitive_aa	M0090	61	0.9344	47	46	46	0	0	0	6	6	6
sensitive_aa	M0092	43	0.9070	37	36	36	0	0	0	5	3	4
sensitive_aa	M0093	24	1.0000	5	5	5	6	6	6	0	0	0
sensitive_aa	M0096	24	0.0833	2	2	2	0	0	0	20	0	4
sensitive_aa	M0100	381	0.5433	182	152	160	34	23	29	98	29	50
sensitive_aa	M0104	12	0.4167	5	5	5	0	0	0	0	0	0
sensitive_aa	M0107	78	0.1026	6	6	6	0	0	0	0	0	0
sensitive_aa	M0108	178	0.0056	1	1	1	0	0	0	3	0	2
sensitive_aa	M0109	212	0.5660	98	98	98	0	0	0	6	6	6
sensitive_aa	M0111	11	0.0909	5	1	5	6	0	1	0	0	0
sensitive_aa	M0117	121	0.3802	39	35	39	8	4	8	2	0	2
sensitive_aa	M0118	108	0.8241	86	86	86	0	0	0	19	1	10
sensitive_aa	M0121	55	0.3091	1	1	1	0	0	0	0	0	0
sensitive_aa	M0122	29	0.7931	3	3	3	0	0	0	7	6	6
sensitive_aa	M0123	29	0.2414	0	0	0	0	0	0	2	2	2
sensitive_aa	M0125	40	0.9250	13	13	13	2	2	2	2	1	1
sensitive_aa	M0131	48	0.7708	34	34	34	3	3	3	0	0	0
sensitive_aa	M0134	56	1.0000	55	55	55	0	0	0	1	1	1
sensitive_aa	M0136	11	0.8182	8	8	8	0	0	0	1	0	1
sensitive_aa	M0139	78	0.5128	43	40	41	1	0	0	1	0	1
sensitive_aa	M0141	27	0.5185	0	0	0	0	0	0	0	0	0
sensitive_aa	M0142	15	0.3333	6	5	5	0	0	0	2	0	2
sensitive_aa	M0154	63	0.7778	57	44	56	5	5	5	1	0	0
sensitive_aa	M0159	161	0.3727	6	5	5	0	0	0	11	11	11
sensitive_aa	M0163	55	0.4182	32	19	31	6	2	6	8	1	8
sensitive_aa	M0172	20	0.5000	8	8	8	1	1	1	0	0	0
sensitive_aa	M0175	830	0.2277	737	188	736	0	0	0	0	0	0
sensitive_aa	M0178	303	0.5347	148	106	118	28	18	18	75	29	33
sensitive_aa	M0181	9	1.0000	5	5	5	1	1	1	2	2	2
sensitive_aa	M0188	120	0.1417	54	11	20	53	6	17	1	0	0
sensitive_aa	M0194	70	0.6143	25	21	25	0	0	0	10	3	10
sensitive_aa	M0201	45	0.1778	22	7	10	2	1	2	3	0	0
sensitive_aa	M0202	1	1.0000	1	1	1	0	0	0	0	0	0
sensitive_aa	M0205	263	0.6464	170	169	170	0	0	0	0	0	0
sensitive_aa	M0206	80	0.6375	28	28	28	9	9	9	6	4	6
sensitive_aa	M0210	224	0.0312	2	2	2	0	0	0	4	2	4
sensitive_aa	M0212	97	0.6082	0	0	0	0	0	0	0	0	0
sensitive_aa	M0216	1167	0.9829	1033	1032	1033	9	9	9	71	70	71
sensitive_aa	M0227	40	0.3500	6	6	6	7	6	6	1	0	1
sensitive_aa	M0228	122	0.1475	13	11	11	0	0	0	12	5	6
sensitive_aa	M0231	16	1.0000	11	11	11	0	0	0	3	3	3
sensitive_aa	M0234	19	0.3684	8	6	8	0	0	0	1	0	1
sensitive_aa	M0235	18	0.1667	17	3	16	0	0	0	1	0	1
sensitive_aa	M0237	616	0.1396	92	85	86	0	0	0	1	0	0
sensitive_aa	M0243	14	1.0000	0	0	0	0	0	0	0	0	0
sensitive_aa	M0250	15	1.0000	15	15	15	0	0	0	0	0	0
sensitive_aa	M0253	240	0.1167	40	8	40	4	3	4	112	0	112
sensitive_aa	M0254	19	0.8947	14	14	14	0	0	0	2	2	2
sensitive_aa	M0257	256	0.8711	91	91	91	117	117	117	2	1	1
sensitive_aa	M0260	22	1.0000	17	17	17	3	3	3	2	2	2
sensitive_aa	M0261	23	0.7826	18	18	18	0	0	0	0	0	0
sensitive_aa	M0262	20	1.0000	9	9	9	11	11	11	0	0	0
sensitive_aa	M0263	51	0.0980	7	5	6	1	0	1	11	0	8
sensitive_aa	M0266	47	0.9787	0	0	0	13	13	13	0	0	0
sensitive_aa	M0272	45	0.6889	15	11	14	2	2	2	3	1	3
sensitive_aa	M0278	105	0.6095	74	62	73	0	0	0	1	0	1
sensitive_aa	M0281	3	0.6667	2	2	2	0	0	0	0	0	0
sensitive_aa	M0293	62	0.7419	51	37	39	1	1	1	7	7	7
sensitive_aa	M0294	116	0.9052	79	75	75	1	1	1	4	3	4
sensitive_aa	M0297	18	0.0556	14	1	13	0	0	0	4	0	0
sensitive_aa	M0298	366	0.0000	1	0	0	0	0	0	0	0	0
sensitive_aa	M0301	52	0.3077	1	1	1	0	0	0	0	0	0
sensitive_aa	M0308	174	1.0000	145	145	145	5	5	5	22	22	22
sensitive_aa	M0311	84	1.0000	68	68	68	8	8	8	3	3	3
sensitive_aa	M0313	19	0.7368	14	14	14	0	0	0	3	0	3
sensitive_aa	M0314	48	0.0417	0	0	0	0	0	0	0	0	0
sensitive_aa	M0321	25	0.2000	4	1	4	8	2	3	5	0	5
sensitive_aa	M0334	23	1.0000	21	21	21	0	0	0	1	1	1
sensitive_aa	M0338	28	0.0357	22	1	4	0	0	0	0	0	0
sensitive_aa	M0346	143	0.0979	0	0	0	0	0	0	0	0	0
sensitive_aa	M0348	180	0.3500	23	22	23	51	39	51	1	1	1
sensitive_aa	M0351	26	0.8846	16	15	15	7	7	7	2	0	2
sensitive_aa	M0353	14	0.6429	11	8	9	1	1	1	0	0	0
sensitive_aa	M0357	6	0.6667	5	4	4	0	0	0	0	0	0
sensitive_aa	M0358	1	1.0000	1	1	1	0	0	0	0	0	0
sensitive_aa	M0363	66	0.0303	15	2	6	50	0	2	0	0	0
sensitive_aa	M0369	87	0.1724	2	1	1	1	0	0	35	12	19
sensitive_aa	M0371	123	0.0650	114	8	100	2	0	0	5	0	0
sensitive_aa	M0376	42	0.8571	38	35	38	2	1	2	2	0	2
sensitive_aa	M0377	215	0.2930	15	15	15	6	4	4	14	14	14
sensitive_aa	M0379	121	0.2231	32	21	32	0	0	0	10	6	10
sensitive_aa	M0380	27	0.7037	18	17	17	2	2	2	1	0	0
sensitive_aa	M0381	76	0.5921	44	44	44	0	0	0	5	0	4
sensitive_aa	M0383	131	0.3969	0	0	0	0	0	0	0	0	0
sensitive_aa	M0384	107	0.0374	5	3	5	0	0	0	3	0	2
sensitive_aa	M0386	5	1.0000	4	4	4	1	1	1	0	0	0
sensitive_aa	M0387	2182	0.0229	0	0	0	0	0	0	0	0	0
sensitive_aa	M0391	15	0.6000	15	9	11	0	0	0	0	0	0
sensitive_aa	M0398	37	0.0270	24	1	24	0	0	0	13	0	13
sensitive_aa	M0401	396	0.0177	6	5	6	6	2	6	0	0	0
sensitive_aa	M0403	17	0.9412	16	15	16	0	0	0	1	1	1
sensitive_aa	M0410	34	0.1471	2	2	2	0	0	0	0	0	0
sensitive_aa	M0412	61	0.0984	5	4	5	0	0	0	0	0	0
sensitive_aa	M0414	83	0.7108	69	57	68	1	1	1	10	1	10
sensitive_aa	M0416	5	1.0000	5	5	5	0	0	0	0	0	0
sensitive_aa	M0420	18	0.3333	11	6	9	1	0	1	6	0	3
sensitive_aa	M0423	99	0.1212	75	12	15	7	0	1	6	0	0
sensitive_aa	M0425	2202	0.0027	1484	4	555	79	1	17	60	0	39
sensitive_aa	M0426	20	1.0000	5	5	5	3	3	3	9	9	9
sensitive_aa	M0428	11	0.7273	10	8	10	0	0	0	1	0	1
sensitive_aa	M0429	48	0.5000	40	22	40	2	1	2	1	0	1
sensitive_aa	M0431	4	1.0000	4	4	4	0	0	0	0	0	0
sensitive_aa	M0433	214	0.0327	144	6	54	31	0	8	18	0	1
sensitive_aa	M0434	13	0.0769	12	1	12	0	0	0	1	0	1
sensitive_aa	M0435	88	0.1364	0	0	0	0	0	0	0	0	0
sensitive_aa	M0440	50	0.8200	30	28	28	5	5	5	8	7	8
sensitive_aa	M0444	84	0.9405	65	65	65	15	14	15	4	0	4
sensitive_aa	M0447	6	0.1667	1	1	1	0	0	0	0	0	0
sensitive_aa	M0448	8	0.1250	4	1	1	0	0	0	4	0	0
sensitive_aa	M0453	66	0.1970	5	5	5	3	3	3	0	0	0
sensitive_aa	M0454	15	0.6667	13	10	13	0	0	0	1	0	1
sensitive_aa	M0456	18	0.1111	10	2	8	0	0	0	6	0	0
sensitive_aa	M0458	26	0.8077	22	20	20	0	0	0	0	0	0
sensitive_aa	M0462	50	0.7800	43	37	43	1	1	1	3	0	3
sensitive_aa	M0466	194	0.0670	2	2	2	0	0	0	0	0	0
sensitive_aa	M0472	97	0.9794	88	88	88	4	4	4	0	0	0
sensitive_aa	M0477	72	0.8056	63	56	63	1	1	1	5	0	4
sensitive_aa	M0484	102	1.0000	0	0	0	0	0	0	101	101	101
sensitive_aa	M0488	7	1.0000	7	7	7	0	0	0	0	0	0
sensitive_aa	M0497	16	0.8125	8	8	8	3	3	3	4	2	4
sensitive_aa	M0502	129	0.0465	5	5	5	1	1	1	0	0	0
sensitive_aa	M0505	28	0.1071	1	1	1	0	0	0	0	0	0
sensitive_aa	M0506	117	0.5214	49	48	49	12	11	12	19	2	19
sensitive_aa	M0508	8	1.0000	4	4	4	0	0	0	0	0	0
sensitive_aa	M0510	63	0.0317	45	2	45	8	0	8	1	0	1
sensitive_aa	M0515	21	0.7143	9	9	9	1	0	1	8	5	8
sensitive_aa	M0519	20	0.9000	12	12	12	4	4	4	0	0	0
sensitive_aa	M0520	446	0.2601	6	4	4	9	4	8	359	103	355
sensitive_aa	M0544	14	0.6429	9	8	9	0	0	0	3	0	2
sensitive_aa	M0545	20	0.7000	14	14	14	0	0	0	0	0	0
sensitive_aa	M0547	8	0.5000	5	4	5	0	0	0	0	0	0
sensitive_aa	M0550	21	0.3333	11	7	7	1	0	0	8	0	2
sensitive_aa	M0563	32	0.0000	7	0	0	0	0	0	0	0	0
sensitive_aa	M0564	400	0.0250	347	9	326	2	0	2	7	0	5
sensitive_aa	M0565	14	0.2857	13	4	5	0	0	0	1	0	0
sensitive_aa	M0574	134	0.1716	66	23	64	3	0	3	34	0	33
sensitive_aa	M0580	10	0.6000	8	6	7	0	0	0	2	0	2
sensitive_aa	M0589	69	0.0725	18	2	12	0	0	0	8	2	5
sensitive_aa	M0590	20	0.1500	3	3	3	0	0	0	0	0	0
sensitive_aa	M0597	28	0.4286	25	12	21	0	0	0	3	0	2
sensitive_aa	M0600	79	0.4304	79	34	79	0	0	0	0	0	0
sensitive_aa	M0609	86	0.2093	56	18	55	0	0	0	0	0	0
sensitive_aa	M0612	92	0.6848	81	60	79	1	0	1	1	0	0
sensitive_aa	M0616	6	0.8333	6	5	6	0	0	0	0	0	0
sensitive_aa	M0623	17	1.0000	16	16	16	0	0	0	0	0	0
sensitive_aa	M0625	9	0.2222	6	2	5	0	0	0	0	0	0
sensitive_aa	M0634	10	1.0000	9	9	9	0	0	0	1	1	1
sensitive_aa	M0636	17	0.4118	7	7	7	0	0	0	3	0	3
sensitive_aa	M0642	31	0.1290	8	4	4	0	0	0	0	0	0
sensitive_aa	M0651	65	0.1231	12	7	8	6	1	2	34	0	1
sensitive_aa	M0653	26	0.2308	2	2	2	0	0	0	3	1	1
sensitive_aa	M0655	7	0.7143	4	2	2	0	0	0	0	0	0
sensitive_aa	M0658	13	0.2308	12	3	12	0	0	0	1	0	1
sensitive_aa	M0663	97	0.0928	16	9	15	0	0	0	78	0	23
sensitive_aa	M0669	11	0.0909	11	1	6	0	0	0	0	0	0
sensitive_aa	M0674	38	0.1053	4	4	4	2	0	0	10	0	4
sensitive_aa	M0682	329	0.0061	225	2	217	0	0	0	28	0	22
sensitive_aa	M0683	30	0.9667	13	13	13	1	1	1	0	0	0
sensitive_aa	M0693	412	0.0170	352	5	339	2	0	2	7	0	5
sensitive_aa	M0697	156	0.0385	74	6	74	76	0	71	0	0	0
sensitive_aa	M0709	351	0.0085	3	3	3	0	0	0	192	0	127
sensitive_aa	M0727	24	0.3750	5	5	5	2	2	2	13	2	12
sensitive_aa	M0732	20	0.2500	2	1	1	1	1	1	11	3	3
sensitive_aa	M0734	10	0.3000	4	3	4	0	0	0	2	0	0
sensitive_aa	M0736	4	1.0000	4	4	4	0	0	0	0	0	0
sensitive_aa	M0738	16	0.4375	15	6	15	1	1	1	0	0	0
sensitive_aa	M0742	3	1.0000	3	3	3	0	0	0	0	0	0
sensitive_aa	M0748	20	0.9000	20	18	20	0	0	0	0	0	0
sensitive_aa	M0752	9	0.8889	8	8	8	0	0	0	1	0	1
sensitive_aa	M0754	13	0.3077	9	4	5	1	0	0	0	0	0
sensitive_aa	M0755	12	0.6667	1	1	1	0	0	0	0	0	0
sensitive_aa	M0759	80	0.3875	33	18	29	1	0	0	0	0	0
sensitive_aa	M0768	237	0.0759	16	14	15	4	4	4	0	0	0
sensitive_aa	M0771	285	0.0175	24	5	24	44	0	41	109	0	18
sensitive_aa	M0781	8	0.8750	6	6	6	0	0	0	1	1	1
sensitive_aa	M0789	62	0.4194	27	12	26	18	9	18	1	0	1
sensitive_aa	M0792	11	0.1818	2	2	2	0	0	0	2	0	0
sensitive_aa	M0795	80	0.1875	1	1	1	13	12	13	2	2	2
sensitive_aa	M0798	2197	0.0023	1455	5	966	67	0	26	89	0	57
sensitive_aa	M0806	5	0.2000	1	1	1	2	0	2	0	0	0
sensitive_aa	M0808	5	0.4000	4	1	1	0	0	0	0	0	0
sensitive_aa	M0810	38	0.2368	2	2	2	0	0	0	11	5	11
sensitive_aa	M0815	243	0.6790	205	164	196	0	0	0	19	0	4
sensitive_aa	M0816	242	0.0785	16	13	16	2	1	2	193	5	113
sensitive_aa	M0819	26	0.7692	18	17	18	3	2	3	4	0	4
sensitive_aa	M0822	3	0.6667	2	2	2	0	0	0	1	0	1
sensitive_aa	M0826	22	0.1364	18	3	16	0	0	0	3	0	0
sensitive_aa	M0829	7	0.8571	6	6	6	0	0	0	1	0	0
sensitive_aa	M0835	62	0.5161	4	4	4	1	1	1	4	0	1
sensitive_aa	M0843	17	0.6471	12	10	11	3	1	1	0	0	0
sensitive_aa	M0850	40	0.4000	22	12	13	1	0	0	0	0	0
sensitive_aa	M0851	24	0.0833	1	1	1	0	0	0	0	0	0
sensitive_aa	M0854	136	0.1250	53	16	48	54	0	40	0	0	0
sensitive_aa	M0855	55	0.1636	15	8	9	0	0	0	7	0	2
sensitive_aa	M0857	13	0.6923	13	9	9	0	0	0	0	0	0
sensitive_aa	M0858	353	0.7790	327	268	320	3	0	3	19	5	17
sensitive_aa	M0860	14	0.2143	4	3	4	0	0	0	0	0	0
sensitive_aa	M0862	21	0.3810	16	8	16	0	0	0	1	0	1
sensitive_aa	M0869	6	1.0000	4	4	4	0	0	0	2	2	2
sensitive_aa	M0874	4	0.7500	2	2	2	0	0	0	0	0	0
sensitive_aa	M0879	38	0.1053	3	3	3	4	0	0	1	1	1
sensitive_aa	M0881	157	0.9427	152	144	152	3	3	3	1	1	1
sensitive_aa	M0884	24	0.8333	20	20	20	0	0	0	0	0	0
sensitive_aa	M0885	17	0.2353	3	3	3	0	0	0	0	0	0
sensitive_aa	M0895	131	0.0458	2	2	2	0	0	0	1	0	0
sensitive_aa	M0900	448	0.2210	367	97	354	12	1	12	14	0	9
sensitive_aa	M0905	231	0.0173	107	4	80	17	0	13	62	0	44
sensitive_aa	M0906	266	0.2368	226	63	223	15	0	15	23	0	16
sensitive_aa	M0908	79	0.0886	10	5	10	0	0	0	1	0	1
sensitive_aa	M0910	8	1.0000	8	8	8	0	0	0	0	0	0
sensitive_aa	M0916	1	1.0000	0	0	0	0	0	0	0	0	0
sensitive_aa	M0918	140	0.4571	0	0	0	0	0	0	0	0	0
sensitive_aa	M0919	19	0.3684	12	6	12	1	0	1	0	0	0
sensitive_aa	M0920	39	0.3077	1	1	1	0	0	0	0	0	0
sensitive_aa	M0925	24	0.0417	3	1	3	0	0	0	8	0	3
sensitive_aa	M0931	74	0.8784	67	62	63	3	3	3	1	0	0
sensitive_aa	M0937	32	0.6562	27	21	26	1	0	1	1	0	1
sensitive_aa	M0939	27	0.2963	7	7	7	0	0	0	0	0	0
sensitive_aa	M0940	122	0.0738	8	6	8	7	0	6	64	3	63
sensitive_aa	M0947	68	0.2353	26	16	26	4	0	4	1	0	1
sensitive_aa	M0952	89	0.0674	5	5	5	0	0	0	0	0	0
sensitive_aa	M0957	223	0.1883	88	42	88	0	0	0	2	0	2
sensitive_aa	M0958	243	0.2798	89	67	89	0	0	0	2	1	2
sensitive_aa	M0959	178	0.0730	3	3	3	0	0	0	77	10	75
sensitive_aa	M0961	155	0.0387	39	6	39	14	0	14	21	0	16
sensitive_aa	M0962	147	0.0816	55	12	51	20	0	20	46	0	33
sensitive_aa	M0964	69	0.1159	4	4	4	0	0	0	0	0	0
