config	query	change	answer_len	tp	sens_at_1fp	runtime
orig	M0003	TYR>PHE	95	19	0.2000	1.81
orig	M0010	HIS>TYR	15	14	0.9333	1.89
orig	M0019	GLU>ASP	22	22	1.0000	3.00
orig	M0020	HIS>TYR	120	102	0.8500	2.16
orig	M0028	HIS>TYR	22	20	0.9091	2.09
orig	M0031	TYR>PHE	321	274	0.8536	2.77
orig	M0033	HIS>TYR	15	10	0.6667	2.48
orig	M0040	LYS>ARG	61	13	0.2131	1.82
orig	M0043	ASP>GLU	22	20	0.9091	2.60
orig	M0044	SER>ALA	75	63	0.8400	8.46
orig	M0048	GLU>ASP	104	69	0.6635	2.99
orig	M0054	HIS>TYR	46	36	0.7826	3.31
orig	M0058	ASP>GLU	42	11	0.2619	2.71
orig	M0065	ASP>GLU	56	41	0.7321	1.65
orig	M0066	LYS>ARG	60	18	0.3000	2.00
orig	M0067	GLU>ASP	42	12	0.2857	2.92
orig	M0070	TYR>PHE	172	8	0.0465	1.09
orig	M0075	ARG>LYS	3	2	0.6667	4.87
orig	M0076	SER>ALA	102	38	0.3725	2.41
orig	M0077	HIS>TYR	108	71	0.6574	1.20
orig	M0081	ARG>LYS	10	8	0.8000	4.88
orig	M0085	ASP>GLU	12	11	0.9167	2.85
orig	M0087	HIS>TYR	72	64	0.8889	2.06
orig	M0090	ASP>GLU	61	58	0.9508	8.65
orig	M0092	THR>SER	43	40	0.9302	3.86
orig	M0093	LYS>ARG	24	24	1.0000	4.12
orig	M0096	HIS>TYR	24	2	0.0833	1.42
orig	M0100	ASN>ASP	381	242	0.6352	2.73
orig	M0104	HIS>TYR	12	5	0.4167	5.55
orig	M0107	GLN>GLU	78	7	0.0897	2.32
orig	M0108	GLU>ASP	178	2	0.0112	1.59
orig	M0109	ASN>ASP	212	124	0.5849	4.07
orig	M0111	PHE>TYR	11	5	0.4545	2.87
orig	M0117	SER>ALA	121	54	0.4463	1.58
orig	M0118	LYS>ARG	108	104	0.9630	3.93
orig	M0121	ARG>LYS	55	10	0.1818	2.13
orig	M0122	TYR>PHE	29	20	0.6897	2.31
orig	M0123	GLU>ASP	29	7	0.2414	4.28
orig	M0125	HIS>TYR	40	37	0.9250	1.28
orig	M0131	TYR>PHE	48	37	0.7708	1.43
orig	M0134	HIS>TYR	56	56	1.0000	1.97
orig	M0136	GLU>ASP	11	9	0.8182	3.12
orig	M0139	GLU>ASP	78	39	0.5000	2.47
orig	M0141	ASP>GLU	27	6	0.2222	6.31
orig	M0142	ASP>GLU	15	7	0.4667	2.82
orig	M0154	HIS>TYR	63	44	0.6984	1.74
orig	M0159	LYS>ARG	161	35	0.2174	2.44
orig	M0163	ASP>GLU	55	50	0.9091	2.51
orig	M0172	HIS>TYR	20	9	0.4500	1.46
orig	M0175	ASP>GLU	830	203	0.2446	2.25
orig	M0178	ARG>LYS	303	171	0.5644	2.50
orig	M0181	ASP>GLU	9	8	0.8889	5.50
orig	M0188	SER>ALA	120	13	0.1083	1.45
orig	M0194	HIS>TYR	70	45	0.6429	2.69
orig	M0201	ALA>SER	45	10	0.2222	1.84
orig	M0202	LYS>ARG	1	1	1.0000	1.10
orig	M0205	HIS>TYR	263	256	0.9734	2.83
orig	M0206	ASP>GLU	80	50	0.6250	9.83
orig	M0210	SER>ALA	224	30	0.1339	1.46
orig	M0212	HIS>TYR	97	59	0.6082	3.40
orig	M0216	GLU>ASP	1167	1145	0.9811	1.65
orig	M0227	SER>ALA	40	15	0.3750	1.71
orig	M0228	THR>SER	122	20	0.1639	2.38
orig	M0231	GLU>ASP	16	16	1.0000	2.65
orig	M0234	HIS>TYR	19	5	0.2632	3.95
orig	M0235	LYS>ARG	18	2	0.1111	1.19
orig	M0237	ARG>LYS	616	91	0.1477	2.47
orig	M0243	HIS>TYR	14	14	1.0000	2.42
orig	M0250	HIS>TYR	15	15	1.0000	1.75
orig	M0253	PHE>TYR	240	68	0.2833	4.70
orig	M0254	ARG>LYS	19	18	0.9474	6.29
orig	M0257	TYR>PHE	256	104	0.4062	3.01
orig	M0260	ARG>LYS	22	22	1.0000	3.19
orig	M0261	PHE>TYR	23	16	0.6957	1.86
orig	M0262	ASP>GLU	20	20	1.0000	7.37
orig	M0263	PHE>TYR	51	6	0.1176	1.94
orig	M0266	SER>ALA	47	40	0.8511	3.11
orig	M0272	ASP>GLU	45	33	0.7333	2.51
orig	M0278	HIS>TYR	105	60	0.5714	1.10
orig	M0281	ARG>LYS	3	2	0.6667	2.44
orig	M0293	GLU>ASP	62	41	0.6613	2.05
orig	M0294	PHE>TYR	116	111	0.9569	4.68
orig	M0297	ASP>GLU	18	1	0.0556	1.12
orig	M0298	VAL>ILE	366	1	0.0027	2.40
orig	M0301	TYR>PHE	52	22	0.4231	1.95
orig	M0308	GLU>ASP	174	174	1.0000	4.05
orig	M0311	HIS>TYR	84	84	1.0000	5.44
orig	M0313	TRP>TYR	19	18	0.9474	2.90
orig	M0314	HIS>TYR	48	5	0.1042	5.04
orig	M0321	TYR>PHE	25	5	0.2000	2.04
orig	M0334	HIS>TYR	23	23	1.0000	2.40
orig	M0338	ASP>GLU	28	1	0.0357	2.99
orig	M0346	ASP>GLU	143	16	0.1119	1.48
orig	M0348	LYS>ARG	180	71	0.3944	3.61
orig	M0351	HIS>TYR	26	16	0.6154	1.48
orig	M0353	ARG>LYS	14	8	0.5714	3.88
orig	M0357	GLU>ASP	6	5	0.8333	1.76
orig	M0358	ARG>LYS	1	1	1.0000	3.71
orig	M0363	ASN>ASP	66	5	0.0758	1.45
orig	M0369	SER>ALA	87	31	0.3563	2.51
orig	M0371	TYR>PHE	123	11	0.0894	1.57
orig	M0376	HIS>TYR	42	34	0.8095	1.96
orig	M0377	SER>ALA	215	69	0.3209	6.20
orig	M0379	HIS>TYR	121	32	0.2645	3.26
orig	M0380	ASP>GLU	27	18	0.6667	2.06
orig	M0381	ASP>GLU	76	45	0.5921	0.93
orig	M0383	TYR>PHE	131	92	0.7023	3.27
orig	M0384	HIS>TYR	107	3	0.0280	2.12
orig	M0386	LYS>ARG	5	4	0.8000	5.22
orig	M0387	ASP>GLU	2182	46	0.0211	1.01
orig	M0391	ASP>GLU	15	9	0.6000	1.54
orig	M0398	ARG>LYS	37	1	0.0270	2.09
orig	M0401	ALA>SER	396	4	0.0101	3.19
orig	M0403	HIS>TYR	17	14	0.8235	2.08
orig	M0410	PHE>TYR	34	10	0.2941	2.81
orig	M0412	SER>ALA	61	7	0.1148	2.32
orig	M0414	PHE>TYR	83	80	0.9639	2.17
orig	M0416	MET>LEU	5	5	1.0000	4.49
orig	M0420	ARG>LYS	18	6	0.3333	1.63
orig	M0423	ASP>GLU	99	7	0.0707	2.50
orig	M0425	HIS>TYR	2202	57	0.0259	1.15
orig	M0426	GLU>ASP	20	19	0.9500	1.56
orig	M0428	ASN>ASP	11	9	0.8182	2.42
orig	M0429	GLN>GLU	48	23	0.4792	3.70
orig	M0431	THR>SER	4	4	1.0000	2.09
orig	M0433	ASP>GLU	214	8	0.0374	3.61
orig	M0434	ASP>GLU	13	1	0.0769	2.61
orig	M0435	ARG>LYS	88	11	0.1250	9.04
orig	M0440	TYR>PHE	50	40	0.8000	2.92
orig	M0444	GLU>ASP	84	65	0.7738	1.54
orig	M0447	HIS>TYR	6	2	0.3333	2.74
orig	M0448	GLU>ASP	8	1	0.1250	2.41
orig	M0453	SER>ALA	66	18	0.2727	2.98
orig	M0454	ARG>LYS	15	12	0.8000	2.58
orig	M0456	ARG>LYS	18	2	0.1111	0.98
orig	M0458	GLN>GLU	26	20	0.7692	1.49
orig	M0462	ASP>GLU	50	39	0.7800	2.19
orig	M0466	TYR>PHE	194	13	0.0670	7.73
orig	M0472	ASP>GLU	97	95	0.9794	3.08
orig	M0477	HIS>TYR	72	49	0.6806	1.77
orig	M0484	LYS>ARG	102	102	1.0000	3.88
orig	M0488	TRP>TYR	7	7	1.0000	3.03
orig	M0497	HIS>TYR	16	14	0.8750	2.36
orig	M0502	ARG>LYS	129	6	0.0465	2.90
orig	M0505	GLN>GLU	28	3	0.1071	2.30
orig	M0506	GLU>ASP	117	74	0.6325	2.13
orig	M0508	LYS>ARG	8	8	1.0000	3.62
orig	M0510	TYR>PHE	63	2	0.0317	2.75
orig	M0515	HIS>TYR	21	12	0.5714	2.42
orig	M0519	LEU>ILE	20	18	0.9000	7.24
orig	M0520	ALA>SER	446	270	0.6054	2.29
orig	M0544	GLU>ASP	14	11	0.7857	2.38
orig	M0545	TYR>PHE	20	15	0.7500	3.36
orig	M0547	HIS>TYR	8	5	0.6250	2.74
orig	M0550	LYS>ARG	21	8	0.3810	4.43
orig	M0563	HIS>TYR	32	0	0.0000	0.45
orig	M0564	HIS>TYR	400	9	0.0225	2.18
orig	M0565	TYR>PHE	14	5	0.3571	1.83
orig	M0574	HIS>TYR	134	22	0.1642	1.98
orig	M0580	GLU>ASP	10	8	0.8000	2.31
orig	M0589	HIS>TYR	69	5	0.0725	1.30
orig	M0590	ASP>GLU	20	3	0.1500	1.69
orig	M0597	HIS>TYR	28	12	0.4286	2.29
orig	M0600	GLU>ASP	79	35	0.4430	1.88
orig	M0609	ASP>GLU	86	13	0.1512	1.05
orig	M0612	ASP>GLU	92	49	0.5326	4.29
orig	M0616	ASP>GLU	6	6	1.0000	2.29
orig	M0623	GLU>ASP	17	17	1.0000	1.95
orig	M0625	ARG>LYS	9	2	0.2222	3.02
orig	M0634	HIS>TYR	10	10	1.0000	3.44
orig	M0636	GLU>ASP	17	7	0.4118	1.23
orig	M0642	LYS>ARG	31	6	0.1935	1.41
orig	M0651	SER>ALA	65	8	0.1231	1.46
orig	M0653	ARG>LYS	26	5	0.1923	3.07
orig	M0655	TYR>PHE	7	3	0.4286	1.90
orig	M0658	GLU>ASP	13	3	0.2308	1.44
orig	M0663	ALA>SER	97	12	0.1237	2.56
orig	M0669	LYS>ARG	11	1	0.0909	2.55
orig	M0674	LYS>ARG	38	4	0.1053	3.26
orig	M0682	HIS>TYR	329	2	0.0061	0.91
orig	M0683	HIS>TYR	30	29	0.9667	2.73
orig	M0693	HIS>TYR	412	7	0.0170	2.35
orig	M0697	HIS>TYR	156	6	0.0385	1.00
orig	M0709	TRP>TYR	351	139	0.3960	1.56
orig	M0727	ASP>GLU	24	8	0.3333	2.20
orig	M0732	ALA>SER	20	4	0.2000	2.49
orig	M0734	ARG>LYS	10	3	0.3000	2.22
orig	M0736	ARG>LYS	4	4	1.0000	5.01
orig	M0738	ASP>GLU	16	11	0.6875	3.60
orig	M0742	PHE>TYR	3	3	1.0000	1.86
orig	M0748	GLN>GLU	20	20	1.0000	1.84
orig	M0752	LYS>ARG	9	9	1.0000	2.55
orig	M0754	GLU>ASP	13	4	0.3077	1.36
orig	M0755	ASP>GLU	12	8	0.6667	1.44
orig	M0759	TYR>PHE	80	37	0.4625	2.66
orig	M0768	TYR>PHE	237	19	0.0802	1.60
orig	M0771	ALA>SER	285	5	0.0175	1.36
orig	M0781	ASP>GLU	8	7	0.8750	3.65
orig	M0789	ASN>ASP	62	18	0.2903	2.00
orig	M0792	TYR>PHE	11	1	0.0909	3.62
orig	M0795	VAL>ILE	80	18	0.2250	4.57
orig	M0798	ASP>GLU	2197	5	0.0023	1.16
orig	M0806	GLU>ASP	5	1	0.2000	1.68
orig	M0808	HIS>TYR	5	4	0.8000	1.67
orig	M0810	ARG>LYS	38	12	0.3158	2.80
orig	M0815	HIS>TYR	243	166	0.6831	1.76
orig	M0816	ARG>LYS	242	20	0.0826	1.60
orig	M0819	GLU>ASP	26	20	0.7692	1.57
orig	M0822	HIS>TYR	3	3	1.0000	2.27
orig	M0826	GLU>ASP	22	6	0.2727	1.89
orig	M0829	GLU>ASP	7	6	0.8571	1.79
orig	M0835	GLU>ASP	62	25	0.4032	2.87
orig	M0843	ASP>GLU	17	10	0.5882	1.81
orig	M0850	ARG>LYS	40	17	0.4250	3.17
orig	M0851	TRP>TYR	24	2	0.0833	0.17
orig	M0854	PHE>TYR	136	9	0.0662	2.68
orig	M0855	HIS>TYR	55	9	0.1636	2.91
orig	M0857	HIS>TYR	13	10	0.7692	1.68
orig	M0858	HIS>TYR	353	303	0.8584	2.11
orig	M0860	HIS>TYR	14	3	0.2143	1.47
orig	M0862	HIS>TYR	21	11	0.5238	1.37
orig	M0869	SER>ALA	6	6	1.0000	1.54
orig	M0874	ARG>LYS	4	3	0.7500	2.37
orig	M0879	HIS>TYR	38	5	0.1316	0.91
orig	M0881	ASP>GLU	157	152	0.9682	1.88
orig	M0884	ARG>LYS	24	20	0.8333	1.77
orig	M0885	ARG>LYS	17	4	0.2353	5.11
orig	M0895	HIS>TYR	131	6	0.0458	2.08
orig	M0900	SER>ALA	448	323	0.7210	1.75
orig	M0905	ASP>GLU	231	5	0.0216	3.45
orig	M0906	HIS>TYR	266	61	0.2293	1.62
orig	M0908	HIS>TYR	79	8	0.1013	1.99
orig	M0910	HIS>TYR	8	8	1.0000	1.92
orig	M0916	TYR>PHE	1	1	1.0000	1.89
orig	M0918	ASN>ASP	140	62	0.4429	2.54
orig	M0919	GLU>ASP	19	11	0.5789	1.81
orig	M0920	GLU>ASP	39	12	0.3077	1.19
orig	M0925	ASP>GLU	24	1	0.0417	2.34
orig	M0931	ASN>ASP	74	62	0.8378	2.77
orig	M0937	HIS>TYR	32	15	0.4688	2.27
orig	M0939	THR>SER	27	7	0.2593	2.37
orig	M0940	LYS>ARG	122	7	0.0574	2.43
orig	M0947	HIS>TYR	68	4	0.0588	3.24
orig	M0952	LYS>ARG	89	5	0.0562	3.06
orig	M0957	LYS>ARG	223	28	0.1256	2.70
orig	M0958	LYS>ARG	243	59	0.2428	2.73
orig	M0959	LYS>ARG	178	12	0.0674	3.87
orig	M0961	LYS>ARG	155	6	0.0387	3.74
orig	M0962	ASP>GLU	147	12	0.0816	2.22
orig	M0964	HIS>TYR	69	8	0.1159	1.83
mut	M0003	TYR>PHE	95	0	0.0000	1.55
mut	M0010	HIS>TYR	15	14	0.9333	2.03
mut	M0019	GLU>ASP	22	6	0.2727	2.60
mut	M0020	HIS>TYR	120	91	0.7583	2.94
mut	M0028	HIS>TYR	22	8	0.3636	1.70
mut	M0031	TYR>PHE	321	243	0.7570	2.80
mut	M0033	HIS>TYR	15	4	0.2667	1.91
mut	M0040	LYS>ARG	61	5	0.0820	1.86
mut	M0043	ASP>GLU	22	21	0.9545	2.77
mut	M0044	SER>ALA	75	64	0.8533	8.05
mut	M0048	GLU>ASP	104	29	0.2788	2.85
mut	M0054	HIS>TYR	46	0	0.0000	2.52
mut	M0058	ASP>GLU	42	4	0.0952	4.15
mut	M0065	ASP>GLU	56	37	0.6607	1.96
mut	M0066	LYS>ARG	60	5	0.0833	2.17
mut	M0067	GLU>ASP	42	10	0.2381	2.30
mut	M0070	TYR>PHE	172	1	0.0058	0.90
mut	M0075	ARG>LYS	3	0	0.0000	5.36
mut	M0076	SER>ALA	102	0	0.0000	2.61
mut	M0077	HIS>TYR	108	46	0.4259	1.18
mut	M0081	ARG>LYS	10	5	0.5000	5.65
mut	M0085	ASP>GLU	12	10	0.8333	3.35
mut	M0087	HIS>TYR	72	64	0.8889	2.15
mut	M0090	ASP>GLU	61	59	0.9672	8.75
mut	M0092	THR>SER	43	38	0.8837	3.80
mut	M0093	LYS>ARG	24	1	0.0417	4.59
mut	M0096	HIS>TYR	24	2	0.0833	2.39
mut	M0100	ASN>ASP	381	125	0.3281	2.96
mut	M0104	HIS>TYR	12	5	0.4167	4.97
mut	M0107	GLN>GLU	78	6	0.0769	2.13
mut	M0108	GLU>ASP	178	4	0.0225	1.79
mut	M0109	ASN>ASP	212	105	0.4953	4.25
mut	M0111	PHE>TYR	11	0	0.0000	2.83
mut	M0117	SER>ALA	121	34	0.2810	2.68
mut	M0118	LYS>ARG	108	89	0.8241	3.24
mut	M0121	ARG>LYS	55	1	0.0182	1.59
mut	M0122	TYR>PHE	29	19	0.6552	1.66
mut	M0123	GLU>ASP	29	7	0.2414	3.77
mut	M0125	HIS>TYR	40	37	0.9250	1.85
mut	M0131	TYR>PHE	48	37	0.7708	1.45
mut	M0134	HIS>TYR	56	54	0.9643	1.74
mut	M0136	GLU>ASP	11	9	0.8182	3.29
mut	M0139	GLU>ASP	78	0	0.0000	3.20
mut	M0141	ASP>GLU	27	4	0.1481	5.73
mut	M0142	ASP>GLU	15	0	0.0000	2.39
mut	M0154	HIS>TYR	63	12	0.1905	3.19
mut	M0159	LYS>ARG	161	50	0.3106	2.73
mut	M0163	ASP>GLU	55	41	0.7455	2.26
mut	M0172	HIS>TYR	20	2	0.1000	1.51
mut	M0175	ASP>GLU	830	73	0.0880	2.60
mut	M0178	ARG>LYS	303	117	0.3861	3.27
mut	M0181	ASP>GLU	9	6	0.6667	7.25
mut	M0188	SER>ALA	120	2	0.0167	1.72
mut	M0194	HIS>TYR	70	22	0.3143	2.72
mut	M0201	ALA>SER	45	9	0.2000	1.44
mut	M0202	LYS>ARG	1	1	1.0000	2.29
mut	M0205	HIS>TYR	263	167	0.6350	3.84
mut	M0206	ASP>GLU	80	48	0.6000	9.39
mut	M0210	SER>ALA	224	7	0.0312	2.61
mut	M0212	HIS>TYR	97	53	0.5464	3.29
mut	M0216	GLU>ASP	1167	1065	0.9126	1.51
mut	M0227	SER>ALA	40	14	0.3500	1.92
mut	M0228	THR>SER	122	18	0.1475	2.48
mut	M0231	GLU>ASP	16	16	1.0000	3.17
mut	M0234	HIS>TYR	19	5	0.2632	3.17
mut	M0235	LYS>ARG	18	2	0.1111	1.75
mut	M0237	ARG>LYS	616	66	0.1071	2.28
mut	M0243	HIS>TYR	14	14	1.0000	3.31
mut	M0250	HIS>TYR	15	15	1.0000	1.97
mut	M0253	PHE>TYR	240	10	0.0417	5.86
mut	M0254	ARG>LYS	19	18	0.9474	7.90
mut	M0257	TYR>PHE	256	56	0.2188	3.81
mut	M0260	ARG>LYS	22	18	0.8182	3.39
mut	M0261	PHE>TYR	23	16	0.6957	2.30
mut	M0262	ASP>GLU	20	20	1.0000	8.03
mut	M0263	PHE>TYR	51	4	0.0784	1.84
mut	M0266	SER>ALA	47	41	0.8723	3.98
mut	M0272	ASP>GLU	45	11	0.2444	2.29
mut	M0278	HIS>TYR	105	46	0.4381	1.02
mut	M0281	ARG>LYS	3	2	0.6667	2.82
mut	M0293	GLU>ASP	62	24	0.3871	1.27
mut	M0294	PHE>TYR	116	108	0.9310	4.65
mut	M0297	ASP>GLU	18	0	0.0000	0.90
mut	M0298	VAL>ILE	366	1	0.0027	2.59
mut	M0301	TYR>PHE	52	3	0.0577	2.18
mut	M0308	GLU>ASP	174	174	1.0000	4.16
mut	M0311	HIS>TYR	84	83	0.9881	6.29
mut	M0313	TRP>TYR	19	0	0.0000	2.73
mut	M0314	HIS>TYR	48	6	0.1250	5.06
mut	M0321	TYR>PHE	25	2	0.0800	2.16
mut	M0334	HIS>TYR	23	22	0.9565	1.86
mut	M0338	ASP>GLU	28	0	0.0000	1.99
mut	M0346	ASP>GLU	143	14	0.0979	1.83
mut	M0348	LYS>ARG	180	45	0.2500	3.69
mut	M0351	HIS>TYR	26	1	0.0385	1.20
mut	M0353	ARG>LYS	14	0	0.0000	3.58
mut	M0357	GLU>ASP	6	1	0.1667	1.33
mut	M0358	ARG>LYS	1	1	1.0000	5.06
mut	M0363	ASN>ASP	66	1	0.0152	1.80
mut	M0369	SER>ALA	87	31	0.3563	2.50
mut	M0371	TYR>PHE	123	7	0.0569	1.39
mut	M0376	HIS>TYR	42	5	0.1190	1.49
mut	M0377	SER>ALA	215	28	0.1302	6.50
mut	M0379	HIS>TYR	121	15	0.1240	3.59
mut	M0380	ASP>GLU	27	8	0.2963	1.76
mut	M0381	ASP>GLU	76	0	0.0000	0.81
mut	M0383	TYR>PHE	131	59	0.4504	2.80
mut	M0384	HIS>TYR	107	3	0.0280	1.83
mut	M0386	LYS>ARG	5	5	1.0000	4.66
mut	M0387	ASP>GLU	2182	8	0.0037	1.14
mut	M0391	ASP>GLU	15	0	0.0000	1.64
mut	M0398	ARG>LYS	37	1	0.0270	1.65
mut	M0401	ALA>SER	396	1	0.0025	3.67
mut	M0403	HIS>TYR	17	3	0.1765	2.09
mut	M0410	PHE>TYR	34	8	0.2353	2.19
mut	M0412	SER>ALA	61	6	0.0984	2.03
mut	M0414	PHE>TYR	83	10	0.1205	1.96
mut	M0416	MET>LEU	5	5	1.0000	6.71
mut	M0420	ARG>LYS	18	0	0.0000	1.71
mut	M0423	ASP>GLU	99	1	0.0101	2.20
mut	M0425	HIS>TYR	2202	4	0.0018	1.68
mut	M0426	GLU>ASP	20	18	0.9000	1.81
mut	M0428	ASN>ASP	11	5	0.4545	4.09
mut	M0429	GLN>GLU	48	18	0.3750	4.21
mut	M0431	THR>SER	4	0	0.0000	1.58
mut	M0433	ASP>GLU	214	0	0.0000	3.63
mut	M0434	ASP>GLU	13	1	0.0769	2.64
mut	M0435	ARG>LYS	88	12	0.1364	11.45
mut	M0440	TYR>PHE	50	19	0.3800	2.40
mut	M0444	GLU>ASP	84	70	0.8333	1.63
mut	M0447	HIS>TYR	6	1	0.1667	2.93
mut	M0448	GLU>ASP	8	0	0.0000	2.59
mut	M0453	SER>ALA	66	26	0.3939	3.32
mut	M0454	ARG>LYS	15	11	0.7333	2.65
mut	M0456	ARG>LYS	18	0	0.0000	0.81
mut	M0458	GLN>GLU	26	0	0.0000	2.04
mut	M0462	ASP>GLU	50	33	0.6600	2.47
mut	M0466	TYR>PHE	194	9	0.0464	14.67
mut	M0472	ASP>GLU	97	87	0.8969	3.27
mut	M0477	HIS>TYR	72	56	0.7778	1.95
mut	M0484	LYS>ARG	102	102	1.0000	4.43
mut	M0488	TRP>TYR	7	7	1.0000	2.97
mut	M0497	HIS>TYR	16	15	0.9375	2.35
mut	M0502	ARG>LYS	129	6	0.0465	3.73
mut	M0505	GLN>GLU	28	3	0.1071	2.56
mut	M0506	GLU>ASP	117	50	0.4274	1.93
mut	M0508	LYS>ARG	8	8	1.0000	3.37
mut	M0510	TYR>PHE	63	4	0.0635	2.12
mut	M0515	HIS>TYR	21	12	0.5714	2.27
mut	M0519	LEU>ILE	20	18	0.9000	5.73
mut	M0520	ALA>SER	446	186	0.4170	1.81
mut	M0544	GLU>ASP	14	5	0.3571	2.43
mut	M0545	TYR>PHE	20	0	0.0000	2.59
mut	M0547	HIS>TYR	8	4	0.5000	2.09
mut	M0550	LYS>ARG	21	0	0.0000	3.60
mut	M0563	HIS>TYR	32	0	0.0000	0.33
mut	M0564	HIS>TYR	400	28	0.0700	2.65
mut	M0565	TYR>PHE	14	1	0.0714	1.78
mut	M0574	HIS>TYR	134	15	0.1119	2.66
mut	M0580	GLU>ASP	10	8	0.8000	2.07
mut	M0589	HIS>TYR	69	5	0.0725	1.45
mut	M0590	ASP>GLU	20	3	0.1500	1.94
mut	M0597	HIS>TYR	28	13	0.4643	3.47
mut	M0600	GLU>ASP	79	3	0.0380	2.42
mut	M0609	ASP>GLU	86	1	0.0116	1.41
mut	M0612	ASP>GLU	92	13	0.1413	3.15
mut	M0616	ASP>GLU	6	2	0.3333	2.05
mut	M0623	GLU>ASP	17	15	0.8824	1.75
mut	M0625	ARG>LYS	9	1	0.1111	2.41
mut	M0634	HIS>TYR	10	10	1.0000	4.07
mut	M0636	GLU>ASP	17	0	0.0000	1.81
mut	M0642	LYS>ARG	31	0	0.0000	1.87
mut	M0651	SER>ALA	65	0	0.0000	1.55
mut	M0653	ARG>LYS	26	7	0.2692	2.25
mut	M0655	TYR>PHE	7	2	0.2857	1.78
mut	M0658	GLU>ASP	13	0	0.0000	1.77
mut	M0663	ALA>SER	97	0	0.0000	2.66
mut	M0669	LYS>ARG	11	0	0.0000	2.95
mut	M0674	LYS>ARG	38	0	0.0000	4.94
mut	M0682	HIS>TYR	329	7	0.0213	0.73
mut	M0683	HIS>TYR	30	25	0.8333	3.07
mut	M0693	HIS>TYR	412	0	0.0000	2.69
mut	M0697	HIS>TYR	156	1	0.0064	1.40
mut	M0709	TRP>TYR	351	0	0.0000	1.87
mut	M0727	ASP>GLU	24	1	0.0417	2.68
mut	M0732	ALA>SER	20	5	0.2500	1.82
mut	M0734	ARG>LYS	10	0	0.0000	2.42
mut	M0736	ARG>LYS	4	0	0.0000	3.66
mut	M0738	ASP>GLU	16	1	0.0625	2.47
mut	M0742	PHE>TYR	3	0	0.0000	1.51
mut	M0748	GLN>GLU	20	0	0.0000	1.77
mut	M0752	LYS>ARG	9	1	0.1111	2.50
mut	M0754	GLU>ASP	13	0	0.0000	1.29
mut	M0755	ASP>GLU	12	4	0.3333	1.68
mut	M0759	TYR>PHE	80	2	0.0250	3.38
mut	M0768	TYR>PHE	237	19	0.0802	1.97
mut	M0771	ALA>SER	285	0	0.0000	1.52
mut	M0781	ASP>GLU	8	5	0.6250	3.53
mut	M0789	ASN>ASP	62	13	0.2097	2.61
mut	M0792	TYR>PHE	11	1	0.0909	4.21
mut	M0795	VAL>ILE	80	16	0.2000	3.54
mut	M0798	ASP>GLU	2197	37	0.0168	1.14
mut	M0806	GLU>ASP	5	0	0.0000	2.68
mut	M0808	HIS>TYR	5	2	0.4000	1.67
mut	M0810	ARG>LYS	38	14	0.3684	3.12
mut	M0815	HIS>TYR	243	0	0.0000	1.79
mut	M0816	ARG>LYS	242	9	0.0372	1.37
mut	M0819	GLU>ASP	26	7	0.2692	2.10
mut	M0822	HIS>TYR	3	2	0.6667	2.00
mut	M0826	GLU>ASP	22	0	0.0000	1.35
mut	M0829	GLU>ASP	7	0	0.0000	2.00
mut	M0835	GLU>ASP	62	0	0.0000	2.53
mut	M0843	ASP>GLU	17	0	0.0000	1.05
mut	M0850	ARG>LYS	40	0	0.0000	2.31
mut	M0851	TRP>TYR	24	0	0.0000	0.71
mut	M0854	PHE>TYR	136	1	0.0074	2.16
mut	M0855	HIS>TYR	55	5	0.0909	3.09
mut	M0857	HIS>TYR	13	0	0.0000	2.17
mut	M0858	HIS>TYR	353	114	0.3229	1.99
mut	M0860	HIS>TYR	14	0	0.0000	1.76
mut	M0862	HIS>TYR	21	1	0.0476	1.68
mut	M0869	SER>ALA	6	0	0.0000	3.13
mut	M0874	ARG>LYS	4	2	0.5000	2.07
mut	M0879	HIS>TYR	38	0	0.0000	1.25
mut	M0881	ASP>GLU	157	152	0.9682	3.03
mut	M0884	ARG>LYS	24	13	0.5417	2.16
mut	M0885	ARG>LYS	17	4	0.2353	5.42
mut	M0895	HIS>TYR	131	2	0.0153	3.11
mut	M0900	SER>ALA	448	6	0.0134	2.28
mut	M0905	ASP>GLU	231	0	0.0000	2.08
mut	M0906	HIS>TYR	266	63	0.2368	1.37
mut	M0908	HIS>TYR	79	2	0.0253	2.30
mut	M0910	HIS>TYR	8	5	0.6250	1.70
mut	M0916	TYR>PHE	1	0	0.0000	1.48
mut	M0918	ASN>ASP	140	63	0.4500	2.10
mut	M0919	GLU>ASP	19	12	0.6316	2.19
mut	M0920	GLU>ASP	39	9	0.2308	0.86
mut	M0925	ASP>GLU	24	1	0.0417	2.40
mut	M0931	ASN>ASP	74	59	0.7973	2.88
mut	M0937	HIS>TYR	32	0	0.0000	2.68
mut	M0939	THR>SER	27	7	0.2593	2.28
mut	M0940	LYS>ARG	122	6	0.0492	2.89
mut	M0947	HIS>TYR	68	8	0.1176	2.35
mut	M0952	LYS>ARG	89	5	0.0562	2.70
mut	M0957	LYS>ARG	223	1	0.0045	3.34
mut	M0958	LYS>ARG	243	0	0.0000	2.79
mut	M0959	LYS>ARG	178	1	0.0056	5.05
mut	M0961	LYS>ARG	155	13	0.0839	3.76
mut	M0962	ASP>GLU	147	21	0.1429	2.66
mut	M0964	HIS>TYR	69	6	0.0870	1.89
mut_star	M0003	TYR>PHE	95	19	0.2000	1.53
mut_star	M0010	HIS>TYR	15	14	0.9333	2.30
mut_star	M0019	GLU>ASP	22	22	1.0000	3.54
mut_star	M0020	HIS>TYR	120	104	0.8667	3.35
mut_star	M0028	HIS>TYR	22	20	0.9091	2.74
mut_star	M0031	TYR>PHE	321	275	0.8567	2.66
mut_star	M0033	HIS>TYR	15	11	0.7333	1.82
mut_star	M0040	LYS>ARG	61	13	0.2131	2.22
mut_star	M0043	ASP>GLU	22	20	0.9091	3.70
mut_star	M0044	SER>ALA	75	65	0.8667	11.67
mut_star	M0048	GLU>ASP	104	71	0.6827	3.21
mut_star	M0054	HIS>TYR	46	33	0.7174	1.87
mut_star	M0058	ASP>GLU	42	11	0.2619	4.38
mut_star	M0065	ASP>GLU	56	39	0.6964	1.93
mut_star	M0066	LYS>ARG	60	18	0.3000	2.79
mut_star	M0067	GLU>ASP	42	12	0.2857	4.72
mut_star	M0070	TYR>PHE	172	8	0.0465	2.78
mut_star	M0075	ARG>LYS	3	2	0.6667	6.64
mut_star	M0076	SER>ALA	102	38	0.3725	3.34
mut_star	M0077	HIS>TYR	108	64	0.5926	1.17
mut_star	M0081	ARG>LYS	10	5	0.5000	5.87
mut_star	M0085	ASP>GLU	12	11	0.9167	4.74
mut_star	M0087	HIS>TYR	72	64	0.8889	2.87
mut_star	M0090	ASP>GLU	61	60	0.9836	11.18
mut_star	M0092	THR>SER	43	36	0.8372	6.75
mut_star	M0093	LYS>ARG	24	24	1.0000	5.66
mut_star	M0096	HIS>TYR	24	2	0.0833	2.10
mut_star	M0100	ASN>ASP	381	195	0.5118	2.62
mut_star	M0104	HIS>TYR	12	5	0.4167	6.74
mut_star	M0107	GLN>GLU	78	6	0.0769	2.37
mut_star	M0108	GLU>ASP	178	59	0.3315	2.40
mut_star	M0109	ASN>ASP	212	116	0.5472	5.96
mut_star	M0111	PHE>TYR	11	1	0.0909	3.86
mut_star	M0117	SER>ALA	121	49	0.4050	4.25
mut_star	M0118	LYS>ARG	108	89	0.8241	3.40
mut_star	M0121	ARG>LYS	55	7	0.1273	2.60
mut_star	M0122	TYR>PHE	29	20	0.6897	1.79
mut_star	M0123	GLU>ASP	29	7	0.2414	4.55
mut_star	M0125	HIS>TYR	40	37	0.9250	2.07
mut_star	M0131	TYR>PHE	48	37	0.7708	1.81
mut_star	M0134	HIS>TYR	56	56	1.0000	2.45
mut_star	M0136	GLU>ASP	11	9	0.8182	3.78
mut_star	M0139	GLU>ASP	78	38	0.4872	3.69
mut_star	M0141	ASP>GLU	27	5	0.1852	9.19
mut_star	M0142	ASP>GLU	15	7	0.4667	4.29
mut_star	M0154	HIS>TYR	63	44	0.6984	1.78
mut_star	M0159	LYS>ARG	161	84	0.5217	3.57
mut_star	M0163	ASP>GLU	55	50	0.9091	2.63
mut_star	M0172	HIS>TYR	20	9	0.4500	1.77
mut_star	M0175	ASP>GLU	830	195	0.2349	2.87
mut_star	M0178	ARG>LYS	303	166	0.5479	3.58
mut_star	M0181	ASP>GLU	9	8	0.8889	8.36
mut_star	M0188	SER>ALA	120	15	0.1250	1.71
mut_star	M0194	HIS>TYR	70	46	0.6571	3.61
mut_star	M0201	ALA>SER	45	9	0.2000	1.93
mut_star	M0202	LYS>ARG	1	1	1.0000	3.96
mut_star	M0205	HIS>TYR	263	256	0.9734	4.78
mut_star	M0206	ASP>GLU	80	51	0.6375	9.95
mut_star	M0210	SER>ALA	224	44	0.1964	2.34
mut_star	M0212	HIS>TYR	97	59	0.6082	4.69
mut_star	M0216	GLU>ASP	1167	1147	0.9829	1.79
mut_star	M0227	SER>ALA	40	15	0.3750	1.95
mut_star	M0228	THR>SER	122	26	0.2131	2.95
mut_star	M0231	GLU>ASP	16	16	1.0000	3.23
mut_star	M0234	HIS>TYR	19	6	0.3158	3.49
mut_star	M0235	LYS>ARG	18	1	0.0556	2.92
mut_star	M0237	ARG>LYS	616	89	0.1445	2.04
mut_star	M0243	HIS>TYR	14	14	1.0000	3.79
mut_star	M0250	HIS>TYR	15	15	1.0000	1.72
mut_star	M0253	PHE>TYR	240	31	0.1292	7.03
mut_star	M0254	ARG>LYS	19	18	0.9474	8.74
mut_star	M0257	TYR>PHE	256	104	0.4062	3.78
mut_star	M0260	ARG>LYS	22	22	1.0000	4.79
mut_star	M0261	PHE>TYR	23	16	0.6957	1.81
mut_star	M0262	ASP>GLU	20	20	1.0000	10.66
mut_star	M0263	PHE>TYR	51	6	0.1176	2.31
mut_star	M0266	SER>ALA	47	41	0.8723	5.23
mut_star	M0272	ASP>GLU	45	34	0.7556	3.75
mut_star	M0278	HIS>TYR	105	59	0.5619	3.08
mut_star	M0281	ARG>LYS	3	2	0.6667	4.40
mut_star	M0293	GLU>ASP	62	40	0.6452	2.16
mut_star	M0294	PHE>TYR	116	108	0.9310	7.40
mut_star	M0297	ASP>GLU	18	1	0.0556	2.62
mut_star	M0298	VAL>ILE	366	1	0.0027	2.24
mut_star	M0301	TYR>PHE	52	20	0.3846	2.27
mut_star	M0308	GLU>ASP	174	174	1.0000	4.80
mut_star	M0311	HIS>TYR	84	84	1.0000	7.85
mut_star	M0313	TRP>TYR	19	11	0.5789	1.93
mut_star	M0314	HIS>TYR	48	5	0.1042	6.18
mut_star	M0321	TYR>PHE	25	6	0.2400	2.61
mut_star	M0334	HIS>TYR	23	22	0.9565	2.00
mut_star	M0338	ASP>GLU	28	0	0.0000	1.67
mut_star	M0346	ASP>GLU	143	16	0.1119	3.24
mut_star	M0348	LYS>ARG	180	78	0.4333	4.31
mut_star	M0351	HIS>TYR	26	16	0.6154	3.05
mut_star	M0353	ARG>LYS	14	6	0.4286	2.03
mut_star	M0357	GLU>ASP	6	5	0.8333	4.73
mut_star	M0358	ARG>LYS	1	1	1.0000	7.78
mut_star	M0363	ASN>ASP	66	1	0.0152	1.68
mut_star	M0369	SER>ALA	87	30	0.3448	3.11
mut_star	M0371	TYR>PHE	123	10	0.0813	2.09
mut_star	M0376	HIS>TYR	42	34	0.8095	2.21
mut_star	M0377	SER>ALA	215	69	0.3209	7.83
mut_star	M0379	HIS>TYR	121	33	0.2727	5.27
mut_star	M0380	ASP>GLU	27	18	0.6667	2.90
mut_star	M0381	ASP>GLU	76	33	0.4342	2.23
mut_star	M0383	TYR>PHE	131	87	0.6641	3.20
mut_star	M0384	HIS>TYR	107	3	0.0280	1.87
mut_star	M0386	LYS>ARG	5	5	1.0000	6.77
mut_star	M0387	ASP>GLU	2182	48	0.0220	1.18
mut_star	M0391	ASP>GLU	15	8	0.5333	1.71
mut_star	M0398	ARG>LYS	37	1	0.0270	2.84
mut_star	M0401	ALA>SER	396	4	0.0101	4.50
mut_star	M0403	HIS>TYR	17	13	0.7647	1.99
mut_star	M0410	PHE>TYR	34	10	0.2941	2.16
mut_star	M0412	SER>ALA	61	7	0.1148	2.54
mut_star	M0414	PHE>TYR	83	56	0.6747	2.57
mut_star	M0416	MET>LEU	5	5	1.0000	9.90
mut_star	M0420	ARG>LYS	18	6	0.3333	2.60
mut_star	M0423	ASP>GLU	99	4	0.0404	2.18
mut_star	M0425	HIS>TYR	2202	12	0.0054	2.21
mut_star	M0426	GLU>ASP	20	20	1.0000	2.85
mut_star	M0428	ASN>ASP	11	8	0.7273	5.05
mut_star	M0429	GLN>GLU	48	23	0.4792	3.06
mut_star	M0431	THR>SER	4	3	0.7500	2.07
mut_star	M0433	ASP>GLU	214	8	0.0374	1.99
mut_star	M0434	ASP>GLU	13	1	0.0769	4.13
mut_star	M0435	ARG>LYS	88	11	0.1250	10.27
mut_star	M0440	TYR>PHE	50	38	0.7600	3.15
mut_star	M0444	GLU>ASP	84	65	0.7738	2.01
mut_star	M0447	HIS>TYR	6	3	0.5000	2.75
mut_star	M0448	GLU>ASP	8	1	0.1250	2.56
mut_star	M0453	SER>ALA	66	21	0.3182	3.82
mut_star	M0454	ARG>LYS	15	12	0.8000	2.36
mut_star	M0456	ARG>LYS	18	2	0.1111	2.72
mut_star	M0458	GLN>GLU	26	20	0.7692	2.31
mut_star	M0462	ASP>GLU	50	38	0.7600	3.09
mut_star	M0466	TYR>PHE	194	12	0.0619	11.13
mut_star	M0472	ASP>GLU	97	95	0.9794	5.39
mut_star	M0477	HIS>TYR	72	49	0.6806	2.37
mut_star	M0484	LYS>ARG	102	102	1.0000	5.27
mut_star	M0488	TRP>TYR	7	7	1.0000	4.29
mut_star	M0497	HIS>TYR	16	14	0.8750	3.36
mut_star	M0502	ARG>LYS	129	7	0.0543	4.83
mut_star	M0505	GLN>GLU	28	3	0.1071	3.56
mut_star	M0506	GLU>ASP	117	64	0.5470	2.75
mut_star	M0508	LYS>ARG	8	8	1.0000	3.15
mut_star	M0510	TYR>PHE	63	3	0.0476	1.98
mut_star	M0515	HIS>TYR	21	12	0.5714	2.33
mut_star	M0519	LEU>ILE	20	18	0.9000	8.43
mut_star	M0520	ALA>SER	446	285	0.6390	2.80
mut_star	M0544	GLU>ASP	14	10	0.7143	2.79
mut_star	M0545	TYR>PHE	20	14	0.7000	2.54
mut_star	M0547	HIS>TYR	8	4	0.5000	2.74
mut_star	M0550	LYS>ARG	21	6	0.2857	2.71
mut_star	M0563	HIS>TYR	32	0	0.0000	1.43
mut_star	M0564	HIS>TYR	400	6	0.0150	1.69
mut_star	M0565	TYR>PHE	14	3	0.2143	3.21
mut_star	M0574	HIS>TYR	134	23	0.1716	2.59
mut_star	M0580	GLU>ASP	10	8	0.8000	2.66
mut_star	M0589	HIS>TYR	69	5	0.0725	1.79
mut_star	M0590	ASP>GLU	20	3	0.1500	1.93
mut_star	M0597	HIS>TYR	28	12	0.4286	2.15
mut_star	M0600	GLU>ASP	79	30	0.3797	3.07
mut_star	M0609	ASP>GLU	86	17	0.1977	1.41
mut_star	M0612	ASP>GLU	92	57	0.6196	1.89
mut_star	M0616	ASP>GLU	6	6	1.0000	2.28
mut_star	M0623	GLU>ASP	17	17	1.0000	2.75
mut_star	M0625	ARG>LYS	9	4	0.4444	4.45
mut_star	M0634	HIS>TYR	10	10	1.0000	2.42
mut_star	M0636	GLU>ASP	17	7	0.4118	1.43
mut_star	M0642	LYS>ARG	31	0	0.0000	4.75
mut_star	M0651	SER>ALA	65	7	0.1077	1.87
mut_star	M0653	ARG>LYS	26	5	0.1923	5.63
mut_star	M0655	TYR>PHE	7	4	0.5714	3.15
mut_star	M0658	GLU>ASP	13	5	0.3846	2.22
mut_star	M0663	ALA>SER	97	6	0.0619	2.89
mut_star	M0669	LYS>ARG	11	1	0.0909	1.60
mut_star	M0674	LYS>ARG	38	4	0.1053	2.43
mut_star	M0682	HIS>TYR	329	3	0.0091	2.98
mut_star	M0683	HIS>TYR	30	29	0.9667	4.21
mut_star	M0693	HIS>TYR	412	9	0.0218	1.29
mut_star	M0697	HIS>TYR	156	2	0.0128	2.06
mut_star	M0709	TRP>TYR	351	3	0.0085	1.76
mut_star	M0727	ASP>GLU	24	9	0.3750	3.56
mut_star	M0732	ALA>SER	20	5	0.2500	2.56
mut_star	M0734	ARG>LYS	10	1	0.1000	1.94
mut_star	M0736	ARG>LYS	4	4	1.0000	2.81
mut_star	M0738	ASP>GLU	16	6	0.3750	2.79
mut_star	M0742	PHE>TYR	3	3	1.0000	2.98
mut_star	M0748	GLN>GLU	20	14	0.7000	1.96
mut_star	M0752	LYS>ARG	9	8	0.8889	2.83
mut_star	M0754	GLU>ASP	13	4	0.3077	1.40
mut_star	M0755	ASP>GLU	12	8	0.6667	2.00
mut_star	M0759	TYR>PHE	80	20	0.2500	2.72
mut_star	M0768	TYR>PHE	237	19	0.0802	2.26
mut_star	M0771	ALA>SER	285	1	0.0035	4.79
mut_star	M0781	ASP>GLU	8	6	0.7500	2.73
mut_star	M0789	ASN>ASP	62	16	0.2581	2.22
mut_star	M0792	TYR>PHE	11	1	0.0909	4.05
mut_star	M0795	VAL>ILE	80	14	0.1750	6.71
mut_star	M0798	ASP>GLU	2197	4	0.0018	1.48
mut_star	M0806	GLU>ASP	5	1	0.2000	2.32
mut_star	M0808	HIS>TYR	5	4	0.8000	2.57
mut_star	M0810	ARG>LYS	38	12	0.3158	3.99
mut_star	M0815	HIS>TYR	243	162	0.6667	2.11
mut_star	M0816	ARG>LYS	242	29	0.1198	2.37
mut_star	M0819	GLU>ASP	26	18	0.6923	1.70
mut_star	M0822	HIS>TYR	3	3	1.0000	1.93
mut_star	M0826	GLU>ASP	22	9	0.4091	1.61
mut_star	M0829	GLU>ASP	7	6	0.8571	2.14
mut_star	M0835	GLU>ASP	62	27	0.4355	1.94
mut_star	M0843	ASP>GLU	17	10	0.5882	2.64
mut_star	M0850	ARG>LYS	40	13	0.3250	2.27
mut_star	M0851	TRP>TYR	24	0	0.0000	1.80
mut_star	M0854	PHE>TYR	136	3	0.0221	2.34
mut_star	M0855	HIS>TYR	55	9	0.1636	3.20
mut_star	M0857	HIS>TYR	13	10	0.7692	2.18
mut_star	M0858	HIS>TYR	353	295	0.8357	2.18
mut_star	M0860	HIS>TYR	14	3	0.2143	2.84
mut_star	M0862	HIS>TYR	21	11	0.5238	2.06
mut_star	M0869	SER>ALA	6	6	1.0000	2.24
mut_star	M0874	ARG>LYS	4	3	0.7500	2.47
mut_star	M0879	HIS>TYR	38	1	0.0263	2.69
mut_star	M0881	ASP>GLU	157	152	0.9682	2.59
mut_star	M0884	ARG>LYS	24	20	0.8333	3.53
mut_star	M0885	ARG>LYS	17	4	0.2353	7.25
mut_star	M0895	HIS>TYR	131	6	0.0458	2.01
mut_star	M0900	SER>ALA	448	338	0.7545	3.63
mut_star	M0905	ASP>GLU	231	4	0.0173	1.93
mut_star	M0906	HIS>TYR	266	53	0.1992	1.72
mut_star	M0908	HIS>TYR	79	7	0.0886	2.26
mut_star	M0910	HIS>TYR	8	7	0.8750	2.55
mut_star	M0916	TYR>PHE	1	1	1.0000	1.94
mut_star	M0918	ASN>ASP	140	65	0.4643	2.44
mut_star	M0919	GLU>ASP	19	12	0.6316	2.17
mut_star	M0920	GLU>ASP	39	12	0.3077	1.91
mut_star	M0925	ASP>GLU	24	1	0.0417	3.27
mut_star	M0931	ASN>ASP	74	62	0.8378	2.44
mut_star	M0937	HIS>TYR	32	11	0.3438	2.32
mut_star	M0939	THR>SER	27	7	0.2593	2.63
mut_star	M0940	LYS>ARG	122	7	0.0574	3.85
mut_star	M0947	HIS>TYR	68	7	0.1029	3.68
mut_star	M0952	LYS>ARG	89	5	0.0562	4.10
mut_star	M0957	LYS>ARG	223	19	0.0852	3.38
mut_star	M0958	LYS>ARG	243	54	0.2222	4.22
mut_star	M0959	LYS>ARG	178	10	0.0562	4.56
mut_star	M0961	LYS>ARG	155	8	0.0516	5.36
mut_star	M0962	ASP>GLU	147	15	0.1020	2.72
mut_star	M0964	HIS>TYR	69	7	0.1014	2.88
mut_blosum62	M0003	TYR>PHE	95	87	0.9158	1.84
mut_blosum62	M0010	HIS>TYR	15	13	0.8667	5.13
mut_blosum62	M0019	GLU>ASP	22	22	1.0000	3.73
mut_blosum62	M0020	HIS>TYR	120	104	0.8667	7.24
mut_blosum62	M0028	HIS>TYR	22	20	0.9091	4.43
mut_blosum62	M0031	TYR>PHE	321	262	0.8162	4.75
mut_blosum62	M0033	HIS>TYR	15	4	0.2667	3.96
mut_blosum62	M0040	LYS>ARG	61	13	0.2131	2.85
mut_blosum62	M0043	ASP>GLU	22	20	0.9091	10.94
mut_blosum62	M0044	SER>ALA	75	65	0.8667	30.67
mut_blosum62	M0048	GLU>ASP	104	72	0.6923	3.84
mut_blosum62	M0054	HIS>TYR	46	27	0.5870	2.41
mut_blosum62	M0058	ASP>GLU	42	11	0.2619	5.48
mut_blosum62	M0065	ASP>GLU	56	37	0.6607	3.13
mut_blosum62	M0066	LYS>ARG	60	7	0.1167	3.42
mut_blosum62	M0067	GLU>ASP	42	19	0.4524	5.70
mut_blosum62	M0070	TYR>PHE	172	8	0.0465	2.39
mut_blosum62	M0075	ARG>LYS	3	2	0.6667	12.34
mut_blosum62	M0076	SER>ALA	102	38	0.3725	3.71
mut_blosum62	M0077	HIS>TYR	108	64	0.5926	1.98
mut_blosum62	M0081	ARG>LYS	10	6	0.6000	10.03
mut_blosum62	M0085	ASP>GLU	12	10	0.8333	8.43
mut_blosum62	M0087	HIS>TYR	72	64	0.8889	11.09
mut_blosum62	M0090	ASP>GLU	61	56	0.9180	49.79
mut_blosum62	M0092	THR>SER	43	37	0.8605	5.04
mut_blosum62	M0093	LYS>ARG	24	23	0.9583	6.69
mut_blosum62	M0096	HIS>TYR	24	2	0.0833	3.04
mut_blosum62	M0100	ASN>ASP	381	179	0.4698	3.51
mut_blosum62	M0104	HIS>TYR	12	5	0.4167	10.52
mut_blosum62	M0107	GLN>GLU	78	7	0.0897	3.16
mut_blosum62	M0108	GLU>ASP	178	31	0.1742	3.04
mut_blosum62	M0109	ASN>ASP	212	114	0.5377	6.90
mut_blosum62	M0111	PHE>TYR	11	0	0.0000	5.89
mut_blosum62	M0117	SER>ALA	121	45	0.3719	2.78
mut_blosum62	M0118	LYS>ARG	108	89	0.8241	3.87
mut_blosum62	M0121	ARG>LYS	55	8	0.1455	2.80
mut_blosum62	M0122	TYR>PHE	29	23	0.7931	4.02
mut_blosum62	M0123	GLU>ASP	29	7	0.2414	14.50
mut_blosum62	M0125	HIS>TYR	40	37	0.9250	4.33
mut_blosum62	M0131	TYR>PHE	48	37	0.7708	3.94
mut_blosum62	M0134	HIS>TYR	56	56	1.0000	3.34
mut_blosum62	M0136	GLU>ASP	11	9	0.8182	10.78
mut_blosum62	M0139	GLU>ASP	78	29	0.3718	3.29
mut_blosum62	M0141	ASP>GLU	27	12	0.4444	21.03
mut_blosum62	M0142	ASP>GLU	15	5	0.3333	5.13
mut_blosum62	M0154	HIS>TYR	63	48	0.7619	2.65
mut_blosum62	M0159	LYS>ARG	161	99	0.6149	7.18
mut_blosum62	M0163	ASP>GLU	55	21	0.3818	4.81
mut_blosum62	M0172	HIS>TYR	20	10	0.5000	3.12
mut_blosum62	M0175	ASP>GLU	830	195	0.2349	2.82
mut_blosum62	M0178	ARG>LYS	303	134	0.4422	3.48
mut_blosum62	M0181	ASP>GLU	9	7	0.7778	24.62
mut_blosum62	M0188	SER>ALA	120	15	0.1250	2.18
mut_blosum62	M0194	HIS>TYR	70	36	0.5143	10.37
mut_blosum62	M0201	ALA>SER	45	9	0.2000	2.16
mut_blosum62	M0202	LYS>ARG	1	1	1.0000	2.59
mut_blosum62	M0205	HIS>TYR	263	162	0.6160	6.11
mut_blosum62	M0206	ASP>GLU	80	54	0.6750	23.56
mut_blosum62	M0210	SER>ALA	224	6	0.0268	2.79
mut_blosum62	M0212	HIS>TYR	97	59	0.6082	16.02
mut_blosum62	M0216	GLU>ASP	1167	1146	0.9820	3.40
mut_blosum62	M0227	SER>ALA	40	15	0.3750	4.36
mut_blosum62	M0228	THR>SER	122	17	0.1393	2.41
mut_blosum62	M0231	GLU>ASP	16	16	1.0000	5.41
mut_blosum62	M0234	HIS>TYR	19	6	0.3158	3.49
mut_blosum62	M0235	LYS>ARG	18	1	0.0556	2.63
mut_blosum62	M0237	ARG>LYS	616	79	0.1282	2.20
mut_blosum62	M0243	HIS>TYR	14	14	1.0000	9.72
mut_blosum62	M0250	HIS>TYR	15	15	1.0000	2.63
mut_blosum62	M0253	PHE>TYR	240	101	0.4208	14.88
mut_blosum62	M0254	ARG>LYS	19	16	0.8421	32.10
mut_blosum62	M0257	TYR>PHE	256	221	0.8633	5.82
mut_blosum62	M0260	ARG>LYS	22	22	1.0000	7.31
mut_blosum62	M0261	PHE>TYR	23	16	0.6957	3.86
mut_blosum62	M0262	ASP>GLU	20	20	1.0000	14.67
mut_blosum62	M0263	PHE>TYR	51	7	0.1373	2.83
mut_blosum62	M0266	SER>ALA	47	42	0.8936	5.01
mut_blosum62	M0272	ASP>GLU	45	21	0.4667	5.44
mut_blosum62	M0278	HIS>TYR	105	59	0.5619	2.08
mut_blosum62	M0281	ARG>LYS	3	2	0.6667	6.49
mut_blosum62	M0293	GLU>ASP	62	36	0.5806	2.20
mut_blosum62	M0294	PHE>TYR	116	103	0.8879	15.35
mut_blosum62	M0297	ASP>GLU	18	1	0.0556	3.57
mut_blosum62	M0298	VAL>ILE	366	3	0.0082	2.30
mut_blosum62	M0301	TYR>PHE	52	9	0.1731	3.29
mut_blosum62	M0308	GLU>ASP	174	174	1.0000	29.54
mut_blosum62	M0311	HIS>TYR	84	84	1.0000	23.42
mut_blosum62	M0313	TRP>TYR	19	11	0.5789	2.29
mut_blosum62	M0314	HIS>TYR	48	2	0.0417	14.32
mut_blosum62	M0321	TYR>PHE	25	7	0.2800	4.30
mut_blosum62	M0334	HIS>TYR	23	22	0.9565	3.11
mut_blosum62	M0338	ASP>GLU	28	0	0.0000	2.72
mut_blosum62	M0346	ASP>GLU	143	14	0.0979	4.09
mut_blosum62	M0348	LYS>ARG	180	68	0.3778	6.92
mut_blosum62	M0351	HIS>TYR	26	19	0.7308	2.66
mut_blosum62	M0353	ARG>LYS	14	6	0.4286	3.50
mut_blosum62	M0357	GLU>ASP	6	5	0.8333	2.75
mut_blosum62	M0358	ARG>LYS	1	1	1.0000	10.84
mut_blosum62	M0363	ASN>ASP	66	1	0.0152	1.85
mut_blosum62	M0369	SER>ALA	87	22	0.2529	4.37
mut_blosum62	M0371	TYR>PHE	123	9	0.0732	3.32
mut_blosum62	M0376	HIS>TYR	42	34	0.8095	4.87
mut_blosum62	M0377	SER>ALA	215	41	0.1907	12.10
mut_blosum62	M0379	HIS>TYR	121	32	0.2645	14.02
mut_blosum62	M0380	ASP>GLU	27	17	0.6296	3.41
mut_blosum62	M0381	ASP>GLU	76	33	0.4342	2.25
mut_blosum62	M0383	TYR>PHE	131	49	0.3740	4.92
mut_blosum62	M0384	HIS>TYR	107	3	0.0280	3.65
mut_blosum62	M0386	LYS>ARG	5	5	1.0000	16.49
mut_blosum62	M0387	ASP>GLU	2182	47	0.0215	1.93
mut_blosum62	M0391	ASP>GLU	15	8	0.5333	1.79
mut_blosum62	M0398	ARG>LYS	37	1	0.0270	4.72
mut_blosum62	M0401	ALA>SER	396	6	0.0152	5.01
mut_blosum62	M0403	HIS>TYR	17	13	0.7647	3.07
mut_blosum62	M0410	PHE>TYR	34	5	0.1471	3.34
mut_blosum62	M0412	SER>ALA	61	6	0.0984	4.78
mut_blosum62	M0414	PHE>TYR	83	57	0.6867	4.24
mut_blosum62	M0416	MET>LEU	5	5	1.0000	18.53
mut_blosum62	M0420	ARG>LYS	18	6	0.3333	3.77
mut_blosum62	M0423	ASP>GLU	99	4	0.0404	2.90
mut_blosum62	M0425	HIS>TYR	2202	13	0.0059	3.62
mut_blosum62	M0426	GLU>ASP	20	18	0.9000	5.33
mut_blosum62	M0428	ASN>ASP	11	8	0.7273	7.72
mut_blosum62	M0429	GLN>GLU	48	24	0.5000	2.89
mut_blosum62	M0431	THR>SER	4	3	0.7500	3.49
mut_blosum62	M0433	ASP>GLU	214	7	0.0327	2.20
mut_blosum62	M0434	ASP>GLU	13	1	0.0769	8.52
mut_blosum62	M0435	ARG>LYS	88	12	0.1364	38.14
mut_blosum62	M0440	TYR>PHE	50	38	0.7600	8.55
mut_blosum62	M0444	GLU>ASP	84	73	0.8690	2.01
mut_blosum62	M0447	HIS>TYR	6	1	0.1667	7.58
mut_blosum62	M0448	GLU>ASP	8	1	0.1250	2.65
mut_blosum62	M0453	SER>ALA	66	14	0.2121	6.91
mut_blosum62	M0454	ARG>LYS	15	12	0.8000	3.22
mut_blosum62	M0456	ARG>LYS	18	2	0.1111	5.96
mut_blosum62	M0458	GLN>GLU	26	9	0.3462	2.24
mut_blosum62	M0462	ASP>GLU	50	44	0.8800	4.04
mut_blosum62	M0466	TYR>PHE	194	13	0.0670	24.40
mut_blosum62	M0472	ASP>GLU	97	95	0.9794	14.97
mut_blosum62	M0477	HIS>TYR	72	52	0.7222	1.84
mut_blosum62	M0484	LYS>ARG	102	102	1.0000	14.26
mut_blosum62	M0488	TRP>TYR	7	7	1.0000	14.26
mut_blosum62	M0497	HIS>TYR	16	15	0.9375	12.00
mut_blosum62	M0502	ARG>LYS	129	7	0.0543	12.51
mut_blosum62	M0505	GLN>GLU	28	3	0.1071	3.20
mut_blosum62	M0506	GLU>ASP	117	62	0.5299	2.88
mut_blosum62	M0508	LYS>ARG	8	7	0.8750	6.65
mut_blosum62	M0510	TYR>PHE	63	3	0.0476	2.02
mut_blosum62	M0515	HIS>TYR	21	12	0.5714	2.80
mut_blosum62	M0519	LEU>ILE	20	18	0.9000	19.18
mut_blosum62	M0520	ALA>SER	446	40	0.0897	3.64
mut_blosum62	M0544	GLU>ASP	14	9	0.6429	4.77
mut_blosum62	M0545	TYR>PHE	20	6	0.3000	3.31
mut_blosum62	M0547	HIS>TYR	8	4	0.5000	4.24
mut_blosum62	M0550	LYS>ARG	21	6	0.2857	2.73
mut_blosum62	M0563	HIS>TYR	32	0	0.0000	1.60
mut_blosum62	M0564	HIS>TYR	400	6	0.0150	2.32
mut_blosum62	M0565	TYR>PHE	14	4	0.2857	2.57
mut_blosum62	M0574	HIS>TYR	134	23	0.1716	5.29
mut_blosum62	M0580	GLU>ASP	10	7	0.7000	2.88
mut_blosum62	M0589	HIS>TYR	69	5	0.0725	3.31
mut_blosum62	M0590	ASP>GLU	20	3	0.1500	2.98
mut_blosum62	M0597	HIS>TYR	28	12	0.4286	2.21
mut_blosum62	M0600	GLU>ASP	79	28	0.3544	3.72
mut_blosum62	M0609	ASP>GLU	86	17	0.1977	2.27
mut_blosum62	M0612	ASP>GLU	92	57	0.6196	3.08
mut_blosum62	M0616	ASP>GLU	6	5	0.8333	3.28
mut_blosum62	M0623	GLU>ASP	17	17	1.0000	2.95
mut_blosum62	M0625	ARG>LYS	9	4	0.4444	3.74
mut_blosum62	M0634	HIS>TYR	10	10	1.0000	3.88
mut_blosum62	M0636	GLU>ASP	17	7	0.4118	2.23
mut_blosum62	M0642	LYS>ARG	31	0	0.0000	1.59
mut_blosum62	M0651	SER>ALA	65	8	0.1231	2.52
mut_blosum62	M0653	ARG>LYS	26	4	0.1538	5.69
mut_blosum62	M0655	TYR>PHE	7	5	0.7143	2.35
mut_blosum62	M0658	GLU>ASP	13	6	0.4615	2.61
mut_blosum62	M0663	ALA>SER	97	10	0.1031	3.05
mut_blosum62	M0669	LYS>ARG	11	1	0.0909	2.67
mut_blosum62	M0674	LYS>ARG	38	4	0.1053	2.86
mut_blosum62	M0682	HIS>TYR	329	3	0.0091	2.31
mut_blosum62	M0683	HIS>TYR	30	27	0.9000	5.73
mut_blosum62	M0693	HIS>TYR	412	9	0.0218	2.62
mut_blosum62	M0697	HIS>TYR	156	2	0.0128	1.81
mut_blosum62	M0709	TRP>TYR	351	2	0.0057	2.15
mut_blosum62	M0727	ASP>GLU	24	12	0.5000	7.16
mut_blosum62	M0732	ALA>SER	20	5	0.2500	4.49
mut_blosum62	M0734	ARG>LYS	10	1	0.1000	2.02
mut_blosum62	M0736	ARG>LYS	4	4	1.0000	2.25
mut_blosum62	M0738	ASP>GLU	16	7	0.4375	3.33
mut_blosum62	M0742	PHE>TYR	3	3	1.0000	3.36
mut_blosum62	M0748	GLN>GLU	20	14	0.7000	2.38
mut_blosum62	M0752	LYS>ARG	9	8	0.8889	3.44
mut_blosum62	M0754	GLU>ASP	13	4	0.3077	2.08
mut_blosum62	M0755	ASP>GLU	12	8	0.6667	3.73
mut_blosum62	M0759	TYR>PHE	80	17	0.2125	2.64
mut_blosum62	M0768	TYR>PHE	237	18	0.0759	3.91
mut_blosum62	M0771	ALA>SER	285	1	0.0035	4.51
mut_blosum62	M0781	ASP>GLU	8	6	0.7500	2.59
mut_blosum62	M0789	ASN>ASP	62	25	0.4032	2.53
mut_blosum62	M0792	TYR>PHE	11	1	0.0909	4.78
mut_blosum62	M0795	VAL>ILE	80	15	0.1875	8.75
mut_blosum62	M0798	ASP>GLU	2197	4	0.0018	1.92
mut_blosum62	M0806	GLU>ASP	5	1	0.2000	2.62
mut_blosum62	M0808	HIS>TYR	5	1	0.2000	3.72
mut_blosum62	M0810	ARG>LYS	38	7	0.1842	8.03
mut_blosum62	M0815	HIS>TYR	243	162	0.6667	2.21
mut_blosum62	M0816	ARG>LYS	242	25	0.1033	2.99
mut_blosum62	M0819	GLU>ASP	26	18	0.6923	2.83
mut_blosum62	M0822	HIS>TYR	3	2	0.6667	2.16
mut_blosum62	M0826	GLU>ASP	22	5	0.2273	1.44
mut_blosum62	M0829	GLU>ASP	7	4	0.5714	2.28
mut_blosum62	M0835	GLU>ASP	62	27	0.4355	2.74
mut_blosum62	M0843	ASP>GLU	17	9	0.5294	2.82
mut_blosum62	M0850	ARG>LYS	40	12	0.3000	2.38
mut_blosum62	M0851	TRP>TYR	24	0	0.0000	2.45
mut_blosum62	M0854	PHE>TYR	136	3	0.0221	4.27
mut_blosum62	M0855	HIS>TYR	55	9	0.1636	2.98
mut_blosum62	M0857	HIS>TYR	13	10	0.7692	3.40
mut_blosum62	M0858	HIS>TYR	353	297	0.8414	3.02
mut_blosum62	M0860	HIS>TYR	14	3	0.2143	4.00
mut_blosum62	M0862	HIS>TYR	21	8	0.3810	2.83
mut_blosum62	M0869	SER>ALA	6	6	1.0000	3.26
mut_blosum62	M0874	ARG>LYS	4	3	0.7500	2.28
mut_blosum62	M0879	HIS>TYR	38	1	0.0263	1.51
mut_blosum62	M0881	ASP>GLU	157	147	0.9363	2.34
mut_blosum62	M0884	ARG>LYS	24	17	0.7083	5.03
mut_blosum62	M0885	ARG>LYS	17	4	0.2353	17.85
mut_blosum62	M0895	HIS>TYR	131	5	0.0382	2.89
mut_blosum62	M0900	SER>ALA	448	58	0.1295	3.37
mut_blosum62	M0905	ASP>GLU	231	4	0.0173	2.77
mut_blosum62	M0906	HIS>TYR	266	53	0.1992	2.05
mut_blosum62	M0908	HIS>TYR	79	7	0.0886	2.82
mut_blosum62	M0910	HIS>TYR	8	7	0.8750	3.50
mut_blosum62	M0916	TYR>PHE	1	1	1.0000	1.71
mut_blosum62	M0918	ASN>ASP	140	61	0.4357	3.81
mut_blosum62	M0919	GLU>ASP	19	12	0.6316	3.00
mut_blosum62	M0920	GLU>ASP	39	12	0.3077	4.66
mut_blosum62	M0925	ASP>GLU	24	1	0.0417	2.86
mut_blosum62	M0931	ASN>ASP	74	62	0.8378	3.39
mut_blosum62	M0937	HIS>TYR	32	10	0.3125	2.49
mut_blosum62	M0939	THR>SER	27	7	0.2593	2.62
mut_blosum62	M0940	LYS>ARG	122	7	0.0574	6.42
mut_blosum62	M0947	HIS>TYR	68	7	0.1029	4.30
mut_blosum62	M0952	LYS>ARG	89	5	0.0562	4.48
mut_blosum62	M0957	LYS>ARG	223	19	0.0852	4.54
mut_blosum62	M0958	LYS>ARG	243	58	0.2387	4.53
mut_blosum62	M0959	LYS>ARG	178	22	0.1236	6.64
mut_blosum62	M0961	LYS>ARG	155	8	0.0516	6.40
mut_blosum62	M0962	ASP>GLU	147	15	0.1020	6.18
mut_blosum62	M0964	HIS>TYR	69	8	0.1159	4.53
mut_sens_star	M0003	TYR>PHE	95	19	0.2000	1.20
mut_sens_star	M0010	HIS>TYR	15	14	0.9333	3.20
mut_sens_star	M0019	GLU>ASP	22	22	1.0000	3.80
mut_sens_star	M0020	HIS>TYR	120	104	0.8667	4.39
mut_sens_star	M0028	HIS>TYR	22	20	0.9091	3.32
mut_sens_star	M0031	TYR>PHE	321	273	0.8505	2.73
mut_sens_star	M0033	HIS>TYR	15	9	0.6000	2.36
mut_sens_star	M0040	LYS>ARG	61	13	0.2131	2.41
mut_sens_star	M0043	ASP>GLU	22	20	0.9091	3.68
mut_sens_star	M0044	SER>ALA	75	65	0.8667	11.48
mut_sens_star	M0048	GLU>ASP	104	75	0.7212	3.53
mut_sens_star	M0054	HIS>TYR	46	33	0.7174	1.53
mut_sens_star	M0058	ASP>GLU	42	13	0.3095	5.42
mut_sens_star	M0065	ASP>GLU	56	40	0.7143	2.48
mut_sens_star	M0066	LYS>ARG	60	19	0.3167	3.79
mut_sens_star	M0067	GLU>ASP	42	12	0.2857	5.08
mut_sens_star	M0070	TYR>PHE	172	8	0.0465	2.64
mut_sens_star	M0075	ARG>LYS	3	2	0.6667	7.76
mut_sens_star	M0076	SER>ALA	102	38	0.3725	3.10
mut_sens_star	M0077	HIS>TYR	108	61	0.5648	2.10
mut_sens_star	M0081	ARG>LYS	10	5	0.5000	6.32
mut_sens_star	M0085	ASP>GLU	12	11	0.9167	5.49
mut_sens_star	M0087	HIS>TYR	72	64	0.8889	3.55
mut_sens_star	M0090	ASP>GLU	61	60	0.9836	14.40
mut_sens_star	M0092	THR>SER	43	39	0.9070	8.66
mut_sens_star	M0093	LYS>ARG	24	24	1.0000	2.32
mut_sens_star	M0096	HIS>TYR	24	2	0.0833	2.00
mut_sens_star	M0100	ASN>ASP	381	210	0.5512	3.18
mut_sens_star	M0104	HIS>TYR	12	5	0.4167	6.82
mut_sens_star	M0107	GLN>GLU	78	7	0.0897	3.18
mut_sens_star	M0108	GLU>ASP	178	63	0.3539	3.32
mut_sens_star	M0109	ASN>ASP	212	118	0.5566	6.47
mut_sens_star	M0111	PHE>TYR	11	1	0.0909	4.81
mut_sens_star	M0117	SER>ALA	121	49	0.4050	1.67
mut_sens_star	M0118	LYS>ARG	108	89	0.8241	3.11
mut_sens_star	M0121	ARG>LYS	55	12	0.2182	2.19
mut_sens_star	M0122	TYR>PHE	29	22	0.7586	2.35
mut_sens_star	M0123	GLU>ASP	29	7	0.2414	5.72
mut_sens_star	M0125	HIS>TYR	40	37	0.9250	2.68
mut_sens_star	M0131	TYR>PHE	48	37	0.7708	2.75
mut_sens_star	M0134	HIS>TYR	56	56	1.0000	3.15
mut_sens_star	M0136	GLU>ASP	11	9	0.8182	4.33
mut_sens_star	M0139	GLU>ASP	78	34	0.4359	2.20
mut_sens_star	M0141	ASP>GLU	27	7	0.2593	12.23
mut_sens_star	M0142	ASP>GLU	15	7	0.4667	4.64
mut_sens_star	M0154	HIS>TYR	63	45	0.7143	1.52
mut_sens_star	M0159	LYS>ARG	161	82	0.5093	3.93
mut_sens_star	M0163	ASP>GLU	55	51	0.9273	2.78
mut_sens_star	M0172	HIS>TYR	20	9	0.4500	2.45
mut_sens_star	M0175	ASP>GLU	830	230	0.2771	3.63
mut_sens_star	M0178	ARG>LYS	303	174	0.5743	4.24
mut_sens_star	M0181	ASP>GLU	9	8	0.8889	9.93
mut_sens_star	M0188	SER>ALA	120	15	0.1250	2.50
mut_sens_star	M0194	HIS>TYR	70	52	0.7429	4.01
mut_sens_star	M0201	ALA>SER	45	8	0.1778	2.42
mut_sens_star	M0202	LYS>ARG	1	1	1.0000	4.33
mut_sens_star	M0205	HIS>TYR	263	219	0.8327	5.41
mut_sens_star	M0206	ASP>GLU	80	49	0.6125	12.67
mut_sens_star	M0210	SER>ALA	224	29	0.1295	2.28
mut_sens_star	M0212	HIS>TYR	97	59	0.6082	5.21
mut_sens_star	M0216	GLU>ASP	1167	1147	0.9829	2.02
mut_sens_star	M0227	SER>ALA	40	14	0.3500	2.22
mut_sens_star	M0228	THR>SER	122	18	0.1475	3.42
mut_sens_star	M0231	GLU>ASP	16	16	1.0000	3.37
mut_sens_star	M0234	HIS>TYR	19	7	0.3684	5.53
mut_sens_star	M0235	LYS>ARG	18	3	0.1667	3.20
mut_sens_star	M0237	ARG>LYS	616	82	0.1331	2.57
mut_sens_star	M0243	HIS>TYR	14	14	1.0000	4.29
mut_sens_star	M0250	HIS>TYR	15	15	1.0000	1.98
mut_sens_star	M0253	PHE>TYR	240	40	0.1667	8.17
mut_sens_star	M0254	ARG>LYS	19	18	0.9474	10.08
mut_sens_star	M0257	TYR>PHE	256	104	0.4062	5.75
mut_sens_star	M0260	ARG>LYS	22	22	1.0000	6.35
mut_sens_star	M0261	PHE>TYR	23	18	0.7826	2.01
mut_sens_star	M0262	ASP>GLU	20	20	1.0000	13.46
mut_sens_star	M0263	PHE>TYR	51	5	0.0980	2.48
mut_sens_star	M0266	SER>ALA	47	42	0.8936	7.33
mut_sens_star	M0272	ASP>GLU	45	22	0.4889	3.92
mut_sens_star	M0278	HIS>TYR	105	64	0.6095	1.49
mut_sens_star	M0281	ARG>LYS	3	2	0.6667	4.83
mut_sens_star	M0293	GLU>ASP	62	45	0.7258	2.37
mut_sens_star	M0294	PHE>TYR	116	107	0.9224	7.43
mut_sens_star	M0297	ASP>GLU	18	1	0.0556	4.03
mut_sens_star	M0298	VAL>ILE	366	1	0.0027	3.81
mut_sens_star	M0301	TYR>PHE	52	46	0.8846	3.34
mut_sens_star	M0308	GLU>ASP	174	174	1.0000	6.45
mut_sens_star	M0311	HIS>TYR	84	84	1.0000	10.73
mut_sens_star	M0313	TRP>TYR	19	11	0.5789	2.61
mut_sens_star	M0314	HIS>TYR	48	5	0.1042	7.42
mut_sens_star	M0321	TYR>PHE	25	3	0.1200	3.44
mut_sens_star	M0334	HIS>TYR	23	22	0.9565	2.35
mut_sens_star	M0338	ASP>GLU	28	1	0.0357	2.26
mut_sens_star	M0346	ASP>GLU	143	14	0.0979	4.26
mut_sens_star	M0348	LYS>ARG	180	81	0.4500	6.48
mut_sens_star	M0351	HIS>TYR	26	15	0.5769	2.61
mut_sens_star	M0353	ARG>LYS	14	6	0.4286	2.04
mut_sens_star	M0357	GLU>ASP	6	5	0.8333	3.04
mut_sens_star	M0358	ARG>LYS	1	1	1.0000	6.90
mut_sens_star	M0363	ASN>ASP	66	2	0.0303	2.65
mut_sens_star	M0369	SER>ALA	87	31	0.3563	5.01
mut_sens_star	M0371	TYR>PHE	123	7	0.0569	2.23
mut_sens_star	M0376	HIS>TYR	42	35	0.8333	2.79
mut_sens_star	M0377	SER>ALA	215	65	0.3023	11.13
mut_sens_star	M0379	HIS>TYR	121	28	0.2314	6.15
mut_sens_star	M0380	ASP>GLU	27	19	0.7037	3.49
mut_sens_star	M0381	ASP>GLU	76	33	0.4342	1.56
mut_sens_star	M0383	TYR>PHE	131	88	0.6718	5.04
mut_sens_star	M0384	HIS>TYR	107	6	0.0561	2.10
mut_sens_star	M0386	LYS>ARG	5	5	1.0000	6.80
mut_sens_star	M0387	ASP>GLU	2182	51	0.0234	1.29
mut_sens_star	M0391	ASP>GLU	15	9	0.6000	1.90
mut_sens_star	M0398	ARG>LYS	37	1	0.0270	3.61
mut_sens_star	M0401	ALA>SER	396	5	0.0126	4.61
mut_sens_star	M0403	HIS>TYR	17	16	0.9412	2.27
mut_sens_star	M0410	PHE>TYR	34	10	0.2941	2.41
mut_sens_star	M0412	SER>ALA	61	7	0.1148	2.95
mut_sens_star	M0414	PHE>TYR	83	58	0.6988	2.89
mut_sens_star	M0416	MET>LEU	5	5	1.0000	11.12
mut_sens_star	M0420	ARG>LYS	18	6	0.3333	2.47
mut_sens_star	M0423	ASP>GLU	99	12	0.1212	2.56
mut_sens_star	M0425	HIS>TYR	2202	4	0.0018	2.26
mut_sens_star	M0426	GLU>ASP	20	20	1.0000	3.57
mut_sens_star	M0428	ASN>ASP	11	8	0.7273	5.86
mut_sens_star	M0429	GLN>GLU	48	23	0.4792	3.16
mut_sens_star	M0431	THR>SER	4	4	1.0000	3.06
mut_sens_star	M0433	ASP>GLU	214	7	0.0327	2.61
mut_sens_star	M0434	ASP>GLU	13	1	0.0769	4.23
mut_sens_star	M0435	ARG>LYS	88	11	0.1250	12.37
mut_sens_star	M0440	TYR>PHE	50	41	0.8200	3.35
mut_sens_star	M0444	GLU>ASP	84	63	0.7500	2.14
mut_sens_star	M0447	HIS>TYR	6	1	0.1667	3.80
mut_sens_star	M0448	GLU>ASP	8	1	0.1250	2.95
mut_sens_star	M0453	SER>ALA	66	15	0.2273	4.06
mut_sens_star	M0454	ARG>LYS	15	10	0.6667	3.67
mut_sens_star	M0456	ARG>LYS	18	2	0.1111	2.65
mut_sens_star	M0458	GLN>GLU	26	19	0.7308	3.57
mut_sens_star	M0462	ASP>GLU	50	38	0.7600	3.93
mut_sens_star	M0466	TYR>PHE	194	14	0.0722	14.91
mut_sens_star	M0472	ASP>GLU	97	95	0.9794	6.39
mut_sens_star	M0477	HIS>TYR	72	54	0.7500	2.24
mut_sens_star	M0484	LYS>ARG	102	102	1.0000	7.68
mut_sens_star	M0488	TRP>TYR	7	7	1.0000	5.39
mut_sens_star	M0497	HIS>TYR	16	14	0.8750	3.40
mut_sens_star	M0502	ARG>LYS	129	6	0.0465	6.95
mut_sens_star	M0505	GLN>GLU	28	3	0.1071	4.46
mut_sens_star	M0506	GLU>ASP	117	47	0.4017	2.26
mut_sens_star	M0508	LYS>ARG	8	8	1.0000	3.86
mut_sens_star	M0510	TYR>PHE	63	3	0.0476	1.60
mut_sens_star	M0515	HIS>TYR	21	17	0.8095	3.10
mut_sens_star	M0519	LEU>ILE	20	18	0.9000	12.69
mut_sens_star	M0520	ALA>SER	446	316	0.7085	4.40
mut_sens_star	M0544	GLU>ASP	14	11	0.7857	3.88
mut_sens_star	M0545	TYR>PHE	20	6	0.3000	1.97
mut_sens_star	M0547	HIS>TYR	8	4	0.5000	2.56
mut_sens_star	M0550	LYS>ARG	21	5	0.2381	3.17
mut_sens_star	M0563	HIS>TYR	32	0	0.0000	1.51
mut_sens_star	M0564	HIS>TYR	400	6	0.0150	1.30
mut_sens_star	M0565	TYR>PHE	14	3	0.2143	1.96
mut_sens_star	M0574	HIS>TYR	134	22	0.1642	2.41
mut_sens_star	M0580	GLU>ASP	10	9	0.9000	2.45
mut_sens_star	M0589	HIS>TYR	69	6	0.0870	1.81
mut_sens_star	M0590	ASP>GLU	20	3	0.1500	2.86
mut_sens_star	M0597	HIS>TYR	28	12	0.4286	2.29
mut_sens_star	M0600	GLU>ASP	79	31	0.3924	3.14
mut_sens_star	M0609	ASP>GLU	86	18	0.2093	1.19
mut_sens_star	M0612	ASP>GLU	92	66	0.7174	1.76
mut_sens_star	M0616	ASP>GLU	6	6	1.0000	2.64
mut_sens_star	M0623	GLU>ASP	17	17	1.0000	2.47
mut_sens_star	M0625	ARG>LYS	9	4	0.4444	3.14
mut_sens_star	M0634	HIS>TYR	10	10	1.0000	2.35
mut_sens_star	M0636	GLU>ASP	17	7	0.4118	1.77
mut_sens_star	M0642	LYS>ARG	31	0	0.0000	3.70
mut_sens_star	M0651	SER>ALA	65	7	0.1077	1.83
mut_sens_star	M0653	ARG>LYS	26	5	0.1923	5.37
mut_sens_star	M0655	TYR>PHE	7	4	0.5714	3.03
mut_sens_star	M0658	GLU>ASP	13	5	0.3846	1.79
mut_sens_star	M0663	ALA>SER	97	7	0.0722	3.38
mut_sens_star	M0669	LYS>ARG	11	1	0.0909	2.83
mut_sens_star	M0674	LYS>ARG	38	4	0.1053	2.65
mut_sens_star	M0682	HIS>TYR	329	4	0.0122	2.80
mut_sens_star	M0683	HIS>TYR	30	29	0.9667	4.90
mut_sens_star	M0693	HIS>TYR	412	9	0.0218	1.53
mut_sens_star	M0697	HIS>TYR	156	2	0.0128	2.85
mut_sens_star	M0709	TRP>TYR	351	3	0.0085	1.64
mut_sens_star	M0727	ASP>GLU	24	8	0.3333	3.75
mut_sens_star	M0732	ALA>SER	20	6	0.3000	3.64
mut_sens_star	M0734	ARG>LYS	10	3	0.3000	2.01
mut_sens_star	M0736	ARG>LYS	4	4	1.0000	2.37
mut_sens_star	M0738	ASP>GLU	16	6	0.3750	1.81
mut_sens_star	M0742	PHE>TYR	3	3	1.0000	3.64
mut_sens_star	M0748	GLN>GLU	20	16	0.8000	2.68
mut_sens_star	M0752	LYS>ARG	9	8	0.8889	2.85
mut_sens_star	M0754	GLU>ASP	13	4	0.3077	1.09
mut_sens_star	M0755	ASP>GLU	12	8	0.6667	2.54
mut_sens_star	M0759	TYR>PHE	80	28	0.3500	1.71
mut_sens_star	M0768	TYR>PHE	237	19	0.0802	2.28
mut_sens_star	M0771	ALA>SER	285	1	0.0035	5.83
mut_sens_star	M0781	ASP>GLU	8	6	0.7500	2.66
mut_sens_star	M0789	ASN>ASP	62	16	0.2581	2.11
mut_sens_star	M0792	TYR>PHE	11	1	0.0909	5.98
mut_sens_star	M0795	VAL>ILE	80	11	0.1375	7.04
mut_sens_star	M0798	ASP>GLU	2197	5	0.0023	1.38
mut_sens_star	M0806	GLU>ASP	5	1	0.2000	2.48
mut_sens_star	M0808	HIS>TYR	5	3	0.6000	2.88
mut_sens_star	M0810	ARG>LYS	38	12	0.3158	3.67
mut_sens_star	M0815	HIS>TYR	243	163	0.6708	1.84
mut_sens_star	M0816	ARG>LYS	242	27	0.1116	2.39
mut_sens_star	M0819	GLU>ASP	26	18	0.6923	1.73
mut_sens_star	M0822	HIS>TYR	3	2	0.6667	2.24
mut_sens_star	M0826	GLU>ASP	22	6	0.2727	1.41
mut_sens_star	M0829	GLU>ASP	7	6	0.8571	2.67
mut_sens_star	M0835	GLU>ASP	62	33	0.5323	2.07
mut_sens_star	M0843	ASP>GLU	17	10	0.5882	2.41
mut_sens_star	M0850	ARG>LYS	40	15	0.3750	2.04
mut_sens_star	M0851	TRP>TYR	24	0	0.0000	2.08
mut_sens_star	M0854	PHE>TYR	136	3	0.0221	2.89
mut_sens_star	M0855	HIS>TYR	55	9	0.1636	2.41
mut_sens_star	M0857	HIS>TYR	13	9	0.6923	2.56
mut_sens_star	M0858	HIS>TYR	353	274	0.7762	2.59
mut_sens_star	M0860	HIS>TYR	14	3	0.2143	3.61
mut_sens_star	M0862	HIS>TYR	21	10	0.4762	2.57
mut_sens_star	M0869	SER>ALA	6	6	1.0000	3.18
mut_sens_star	M0874	ARG>LYS	4	3	0.7500	3.36
mut_sens_star	M0879	HIS>TYR	38	1	0.0263	1.06
mut_sens_star	M0881	ASP>GLU	157	154	0.9809	2.37
mut_sens_star	M0884	ARG>LYS	24	20	0.8333	4.32
mut_sens_star	M0885	ARG>LYS	17	4	0.2353	10.27
mut_sens_star	M0895	HIS>TYR	131	6	0.0458	1.80
mut_sens_star	M0900	SER>ALA	448	338	0.7545	3.23
mut_sens_star	M0905	ASP>GLU	231	3	0.0130	2.20
mut_sens_star	M0906	HIS>TYR	266	56	0.2105	1.73
mut_sens_star	M0908	HIS>TYR	79	15	0.1899	2.31
mut_sens_star	M0910	HIS>TYR	8	8	1.0000	3.03
mut_sens_star	M0916	TYR>PHE	1	1	1.0000	1.64
mut_sens_star	M0918	ASN>ASP	140	64	0.4571	2.61
mut_sens_star	M0919	GLU>ASP	19	7	0.3684	2.59
mut_sens_star	M0920	GLU>ASP	39	12	0.3077	2.56
mut_sens_star	M0925	ASP>GLU	24	1	0.0417	3.82
mut_sens_star	M0931	ASN>ASP	74	64	0.8649	2.77
mut_sens_star	M0937	HIS>TYR	32	17	0.5312	1.77
mut_sens_star	M0939	THR>SER	27	7	0.2593	3.34
mut_sens_star	M0940	LYS>ARG	122	9	0.0738	3.73
mut_sens_star	M0947	HIS>TYR	68	16	0.2353	4.33
mut_sens_star	M0952	LYS>ARG	89	5	0.0562	4.07
mut_sens_star	M0957	LYS>ARG	223	18	0.0807	4.19
mut_sens_star	M0958	LYS>ARG	243	65	0.2675	4.03
mut_sens_star	M0959	LYS>ARG	178	25	0.1404	5.35
mut_sens_star	M0961	LYS>ARG	155	6	0.0387	6.44
mut_sens_star	M0962	ASP>GLU	147	13	0.0884	3.97
mut_sens_star	M0964	HIS>TYR	69	7	0.1014	3.72
