AF-O15391-F1-model_v4.cif	5.4283	16	3	6	0	0.0000	372	52.5050	NA	4006	F207,F225,F229
AF-Q8N782-F1-model_v4.cif	4.3489	10	3	6	0	0.0000	197	88.3503	NA	29268	F207,F225,F229
AF-Q6ZT77-F1-model_v4.cif	4.0703	10	3	6	0	0.0000	177	62.3893	NA	25386	F207,F225,F229
AF-O14753-F1-model_v4.cif	3.9805	12	3	6	0	0.0000	267	57.6626	NA	3584	F207,F225,F229
AF-P25490-F1-model_v4.cif	3.9379	12	3	6	0	0.0000	414	49.9128	NA	11268	F207,F225,F229
AF-Q96MM3-F1-model_v4.cif	3.7923	10	3	6	0	0.0000	310	57.2376	NA	35854	F207,F225,F229
AF-P36508-F1-model_v4.cif	3.7737	14	3	6	0	0.0000	570	58.6509	NA	12410	F207,F225,F229
AF-Q6ZTB9-F1-model_v4.cif	3.7557	10	3	4	0	0.0000	187	88.5649	NA	25041	F207,F225,F229
AF-Q15928-F1-model_v4.cif	3.7468	14	3	6	0	0.0000	474	70.0863	NA	19426	F207,F225,F229
AF-Q6AZW8-F1-model_v4.cif	3.7316	12	3	4	0	0.0000	331	82.0315	NA	23029	F207,F225,F229
AF-Q96CX3-F1-model_v4.cif	3.7079	10	3	6	0	0.0000	271	90.4166	NA	34473	F207,F225,F229
AF-Q5VTD9-F1-model_v4.cif	3.5860	12	3	6	0	0.0000	330	64.0408	NA	22368	F207,F225,F229
AF-Q13886-F1-model_v4.cif	3.5125	10	3	6	0	0.0000	244	61.2411	NA	17995	F207,F225,F229
AF-Q8TBZ8-F1-model_v4.cif	3.4688	14	3	6	0	0.0000	553	77.5611	NA	31561	F207,F225,F229
AF-Q15072-F1-model_v4.cif	3.3836	10	3	4	0	0.0000	292	90.7425	NA	18743	F207,F225,F229
AF-Q8IYI8-F1-model_v4.cif	3.3483	14	3	6	0	0.0000	595	61.8922	NA	28135	F207,F225,F229
AF-P51504-F1-model_v4.cif	3.3269	10	3	6	0	0.0000	273	80.5830	NA	13680	F207,F225,F229
AF-Q6ZS27-F1-model_v4.cif	3.2893	12	3	4	0	0.0000	426	63.7685	NA	24984	F207,F225,F229
AF-P52743-F1-model_v4.cif	3.2618	8	3	4	0	0.0000	207	87.4340	NA	13939	F207,F225,F229
AF-Q8N9L1-F1-model_v4.cif	3.2552	10	3	6	0	0.0000	334	58.0447	NA	29674	F207,F225,F229
AF-Q99612-F1-model_v4.cif	3.2504	10	3	6	0	0.0000	283	60.8833	NA	37285	F207,F225,F229
AF-Q6U7Q0-F1-model_v4.cif	3.2440	12	3	6	0	0.0000	402	74.6100	NA	24098	F207,F225,F229
AF-Q96H86-F1-model_v4.cif	3.2250	12	3	6	0	0.0000	408	69.7381	NA	35046	F207,F225,F229
AF-Q15937-F1-model_v4.cif	3.2040	12	3	6	0	0.0000	498	67.8587	NA	19420	F207,F225,F229
AF-Q9UM63-F1-model_v4.cif	3.1904	12	3	6	0	0.0000	463	56.7936	NA	44753	F207,F225,F229
AF-Q5HY98-F1-model_v4.cif	3.1382	12	3	4	0	0.0000	468	65.4381	NA	21219	F207,F225,F229
AF-Q8IZC7-F1-model_v4.cif	3.1197	12	3	6	0	0.0000	436	66.6261	NA	28215	F207,F225,F229
AF-P17025-F1-model_v4.cif	3.1183	14	3	6	0	0.0000	639	69.7014	NA	10205	F207,F225,F229
AF-Q5VV52-F1-model_v4.cif	3.0972	10	3	6	0	0.0000	315	71.0212	NA	22459	F207,F225,F229
AF-Q03924-F1-model_v4.cif	3.0891	12	3	4	0	0.0000	483	77.6936	NA	16485	F207,F225,F229
AF-Q7L3S4-F1-model_v4.cif	3.0874	10	3	6	0	0.0000	317	80.7578	NA	25592	F207,F225,F229
AF-Q6ZMS4-F1-model_v4.cif	3.0684	12	3	6	0	0.0000	543	69.7714	NA	24665	F207,F225,F229
AF-Q9UJN7-F1-model_v4.cif	3.0558	10	3	4	0	0.0000	358	75.4979	NA	44056	F207,F225,F229
AF-Q8IZM8-F1-model_v4.cif	3.0357	12	3	6	0	0.0000	581	56.2874	NA	28328	F207,F225,F229
AF-Q8NEA6-F1-model_v4.cif	2.9939	12	3	6	0	0.0000	775	49.7131	NA	30399	F207,F225,F229
AF-P51522-F1-model_v4.cif	2.9887	12	3	4	0	0.0000	516	75.4954	NA	13724	F207,F225,F229
AF-Q8NDX6-F1-model_v4.cif	2.9719	8	3	4	0	0.0000	193	64.3183	NA	30142	F207,F225,F229
AF-Q6NX45-F1-model_v4.cif	2.9595	12	3	6	0	0.0000	483	72.2718	NA	23593	F207,F225,F229
AF-Q6DD87-F1-model_v4.cif	2.9530	10	3	4	0	0.0000	382	63.9864	NA	23115	F207,F225,F229
AF-Q52M93-F1-model_v4.cif	2.9416	14	3	6	0	0.0000	769	76.4388	NA	20943	F207,F225,F229
AF-Q96I27-F1-model_v4.cif	2.9360	10	3	4	0	0.0000	306	75.6848	NA	35098	F207,F225,F229
AF-P52737-F1-model_v4.cif	2.9215	12	3	4	0	0.0000	540	73.6715	NA	14037	F207,F225,F229
AF-Q96CS4-F1-model_v4.cif	2.9087	12	3	6	0	0.0000	500	74.5109	NA	34451	F207,F225,F229
AF-B7ZLF3-F1-model_v4.cif	2.8978	8	3	4	0	0.0000	203	74.5652	NA	2577	F207,F225,F229
AF-Q8NAF0-F1-model_v4.cif	2.8958	12	3	6	0	0.0000	562	60.2489	NA	29775	F207,F225,F229
AF-P16415-F1-model_v4.cif	2.8950	12	3	6	0	0.0000	610	72.6258	NA	10081	F207,F225,F229
AF-Q8TF68-F1-model_v4.cif	2.8751	12	3	6	0	0.0000	577	59.6327	NA	32201	F207,F225,F229
AF-Q86XF7-F1-model_v4.cif	2.8683	8	3	6	0	0.0000	245	73.9803	NA	27157	F207,F225,F229
AF-Q14592-F1-model_v4.cif	2.8638	12	3	4	0	0.0000	562	64.8981	NA	18424	F207,F225,F229
AF-Q9UC07-F1-model_v4.cif	2.8536	12	3	4	0	0.0000	566	67.4620	NA	43649	F207,F225,F229
AF-Q5T619-F1-model_v4.cif	2.8486	12	3	4	0	0.0000	568	59.2879	NA	21927	F207,F225,F229
AF-Q2M3W8-F1-model_v4.cif	2.8411	12	3	4	0	0.0000	571	63.3675	NA	20001	F207,F225,F229
AF-Q06889-F1-model_v4.cif	2.8406	10	3	6	0	0.0000	387	48.7643	NA	16683	F207,F225,F229
AF-Q92664-F1-model_v4.cif	2.8344	10	3	6	0	0.0000	365	71.2575	NA	33542	F207,F225,F229
AF-C9JN71-F1-model_v4.cif	2.8226	12	3	6	0	0.0000	531	78.6975	NA	2732	F207,F225,F229
AF-O00110-F1-model_v4.cif	2.8223	8	3	4	0	0.0000	214	68.8165	NA	2965	F207,F225,F229
AF-Q9P243-F1-model_v4.cif	2.8181	16	3	6	0	0.0000	1243	56.8279	NA	43101	F207,F225,F229
AF-P52741-F1-model_v4.cif	2.7980	10	3	4	0	0.0000	427	65.8288	NA	13996	F207,F225,F229
AF-O60481-F1-model_v4.cif	2.7907	10	3	6	0	0.0000	467	49.8823	NA	4904	F207,F225,F229
AF-Q13887-F1-model_v4.cif	2.7781	10	3	6	0	0.0000	457	46.3412	NA	18003	F207,F225,F229
AF-Q9BXK1-F1-model_v4.cif	2.7768	8	3	6	0	0.0000	252	58.9535	NA	38195	F207,F225,F229
AF-Q9BZE0-F1-model_v4.cif	2.7692	10	3	6	0	0.0000	524	52.6113	NA	38597	F207,F225,F229
AF-Q6ZSS3-F1-model_v4.cif	2.7595	10	3	4	0	0.0000	439	62.6655	NA	25059	F207,F225,F229
AF-Q8NB42-F1-model_v4.cif	2.7511	12	3	4	0	0.0000	609	64.1077	NA	29848	F207,F225,F229
AF-Q8N2I2-F1-model_v4.cif	2.7485	12	3	6	0	0.0000	560	60.0979	NA	28819	F207,F225,F229
AF-Q9BWE0-F1-model_v4.cif	2.7357	12	3	6	0	0.0000	567	70.0777	NA	38081	F207,F225,F229
AF-A8K8V0-F1-model_v4.cif	2.7315	10	3	6	0	0.0000	405	62.7667	NA	2241	F207,F225,F229
AF-E7ETH6-F1-model_v4.cif	2.7222	10	3	6	0	0.0000	402	50.7849	NA	2895	F207,F225,F229
AF-P10074-F1-model_v4.cif	2.7220	12	3	6	0	0.0000	688	62.7952	NA	9318	F207,F225,F229
AF-Q9H963-F1-model_v4.cif	2.7141	6	3	4	0	0.0000	129	90.0680	NA	40218	F207,F225,F229
AF-O75820-F1-model_v4.cif	2.7134	12	3	4	0	0.0000	626	72.2436	NA	5912	F207,F225,F229
AF-Q5CZA5-F1-model_v4.cif	2.7113	12	3	4	0	0.0000	627	67.5195	NA	21080	F207,F225,F229
AF-Q3KP31-F1-model_v4.cif	2.7101	12	3	6	0	0.0000	576	81.2739	NA	20307	F207,F225,F229
AF-Q8N823-F1-model_v4.cif	2.7075	12	3	4	0	0.0000	705	63.9584	NA	29473	F207,F225,F229
AF-Q9Y6Q3-F1-model_v4.cif	2.7048	12	3	4	0	0.0000	630	66.8053	NA	46585	F207,F225,F229
AF-P52738-F1-model_v4.cif	2.7046	10	3	4	0	0.0000	457	68.7566	NA	14010	F207,F225,F229
AF-O60281-F1-model_v4.cif	2.7016	16	3	6	0	0.0000	1400	58.9912	NA	4762	F207,F225,F229
AF-O75290-F1-model_v4.cif	2.6815	12	3	4	0	0.0000	641	74.2579	NA	5477	F207,F225,F229
AF-Q86T29-F1-model_v4.cif	2.6815	12	3	4	0	0.0000	641	72.9784	NA	26590	F207,F225,F229
AF-Q3ZCX4-F1-model_v4.cif	2.6753	12	3	4	0	0.0000	644	73.5456	NA	20532	F207,F225,F229
AF-Q9Y462-F1-model_v4.cif	2.6525	12	3	6	0	0.0000	761	54.7732	NA	45793	F207,F225,F229
AF-Q3SXZ3-F1-model_v4.cif	2.6446	10	3	4	0	0.0000	478	70.6247	NA	20370	F207,F225,F229
AF-Q8N8L2-F1-model_v4.cif	2.6296	10	3	6	0	0.0000	437	76.3974	NA	29475	F207,F225,F229
AF-Q9H0M5-F1-model_v4.cif	2.6249	12	3	6	0	0.0000	742	71.3473	NA	39206	F207,F225,F229
AF-Q14585-F1-model_v4.cif	2.6173	10	3	4	0	0.0000	488	81.5965	NA	18419	F207,F225,F229
AF-O95409-F1-model_v4.cif	2.6147	10	3	6	0	0.0000	532	50.2949	NA	6524	F207,F225,F229
AF-Q9NQZ8-F1-model_v4.cif	2.6146	10	3	4	0	0.0000	489	76.5488	NA	41244	F207,F225,F229
AF-Q5SVQ8-F1-model_v4.cif	2.6144	14	3	6	0	0.0000	909	60.9106	NA	21628	F207,F225,F229
AF-Q9BX82-F1-model_v4.cif	2.5996	12	3	6	0	0.0000	626	73.0604	NA	38123	F207,F225,F229
AF-O15535-F1-model_v4.cif	2.5874	10	3	4	0	0.0000	394	64.0630	NA	4139	F207,F225,F229
AF-Q96NJ6-F1-model_v4.cif	2.5806	10	3	4	0	0.0000	502	73.5612	NA	35991	F207,F225,F229
AF-Q8TC21-F1-model_v4.cif	2.5754	10	3	4	0	0.0000	504	72.0212	NA	31587	F207,F225,F229
AF-P17017-F1-model_v4.cif	2.5710	12	3	6	0	0.0000	642	78.1107	NA	10233	F207,F225,F229
AF-Q8N972-F1-model_v4.cif	2.5690	12	3	6	0	0.0000	641	80.6425	NA	29650	F207,F225,F229
AF-Q14588-F1-model_v4.cif	2.5660	12	3	4	0	0.0000	700	74.1717	NA	18471	F207,F225,F229
AF-P17027-F1-model_v4.cif	2.5650	12	3	6	0	0.0000	643	70.9995	NA	10203	F207,F225,F229
AF-Q9NTW7-F1-model_v4.cif	2.5610	12	3	6	0	0.0000	645	63.4692	NA	41729	F207,F225,F229
AF-Q8N3J9-F1-model_v4.cif	2.5556	8	3	4	0	0.0000	261	91.6758	NA	28795	F207,F225,F229
AF-Q6ZN11-F1-model_v4.cif	2.5489	10	3	4	0	0.0000	406	65.6842	NA	24680	F207,F225,F229
AF-Q7L945-F1-model_v4.cif	2.5421	10	3	6	0	0.0000	461	69.6985	NA	25675	F207,F225,F229
AF-Q14872-F1-model_v4.cif	2.5351	12	3	6	0	0.0000	753	48.5143	NA	18627	F207,F225,F229
AF-Q96PE6-F1-model_v4.cif	2.5348	10	3	6	0	0.0000	472	74.1286	NA	36223	F207,F225,F229
AF-Q3ZCT1-F1-model_v4.cif	2.5303	10	3	4	0	0.0000	412	82.4143	NA	20692	F207,F225,F229
AF-Q8NI51-F1-model_v4.cif	2.5299	12	3	6	0	0.0000	663	55.5759	NA	31372	F207,F225,F229
AF-Q9P2Y4-F1-model_v4.cif	2.5283	12	3	6	0	0.0000	722	55.6937	NA	43435	F207,F225,F229
AF-Q6ZNG1-F1-model_v4.cif	2.5266	12	3	4	0	0.0000	722	67.8214	NA	24814	F207,F225,F229
AF-O43623-F1-model_v4.cif	2.5220	8	3	4	0	0.0000	268	62.1861	NA	4464	F207,F225,F229
AF-O60281-F4-model_v4.cif	2.5158	14	3	6	0	0.0000	1400	44.4538	NA	4767	F207,F225,F229
AF-Q9NRM2-F1-model_v4.cif	2.5144	8	3	4	0	0.0000	450	75.6036	NA	41702	F207,F225,F229
AF-Q9ULM2-F1-model_v4.cif	2.5138	10	3	4	0	0.0000	529	71.6325	NA	44655	F207,F225,F229
AF-Q969W8-F1-model_v4.cif	2.5120	10	3	4	0	0.0000	418	67.7338	NA	34199	F207,F225,F229
AF-Q8N7K0-F1-model_v4.cif	2.5110	12	3	6	0	0.0000	673	74.1532	NA	29426	F207,F225,F229
AF-O43298-F1-model_v4.cif	2.5105	10	3	6	0	0.0000	467	56.8859	NA	4262	F207,F225,F229
AF-O60304-F1-model_v4.cif	2.5090	10	3	6	0	0.0000	480	59.5542	NA	4781	F207,F225,F229
AF-O43167-F1-model_v4.cif	2.5090	10	3	6	0	0.0000	697	52.9159	NA	4191	F207,F225,F229
AF-O60281-F3-model_v4.cif	2.5071	14	3	6	0	0.0000	1400	44.9882	NA	4837	F207,F225,F229
AF-Q8NF99-F1-model_v4.cif	2.5021	10	3	4	0	0.0000	534	67.1588	NA	30422	F207,F225,F229
AF-Q8TAW3-F1-model_v4.cif	2.5021	10	3	4	0	0.0000	534	62.1398	NA	31401	F207,F225,F229
AF-Q6ZNG0-F1-model_v4.cif	2.5001	10	3	4	0	0.0000	422	65.8756	NA	24712	F207,F225,F229
AF-Q8WV37-F1-model_v4.cif	2.4997	10	3	4	0	0.0000	535	70.1582	NA	32437	F207,F225,F229
AF-P17041-F1-model_v4.cif	2.4988	8	3	4	0	0.0000	273	78.6274	NA	10213	F207,F225,F229
AF-Q8N988-F1-model_v4.cif	2.4972	10	3	4	0	0.0000	423	74.8055	NA	29635	F207,F225,F229
AF-Q9UID6-F1-model_v4.cif	2.4960	10	3	6	0	0.0000	485	53.9382	NA	43997	F207,F225,F229
AF-Q5FWF6-F1-model_v4.cif	2.4913	10	3	4	0	0.0000	425	65.0419	NA	21134	F207,F225,F229
AF-Q8TA94-F1-model_v4.cif	2.4867	10	3	6	0	0.0000	476	69.8672	NA	31320	F207,F225,F229
AF-Q8TAX0-F1-model_v4.cif	2.4813	8	3	4	0	0.0000	266	59.8013	NA	31365	F207,F225,F229
AF-Q9NSD4-F1-model_v4.cif	2.4796	10	3	4	0	0.0000	429	72.1236	NA	41638	F207,F225,F229
AF-Q96AP4-F1-model_v4.cif	2.4787	10	3	6	0	0.0000	578	80.1360	NA	34287	F207,F225,F229
AF-Q86YH2-F1-model_v4.cif	2.4787	10	3	6	0	0.0000	543	59.3835	NA	27288	F207,F225,F229
AF-Q99676-F1-model_v4.cif	2.4774	12	3	4	0	0.0000	751	72.3626	NA	37046	F207,F225,F229
AF-Q5TEC3-F1-model_v4.cif	2.4767	10	3	4	0	0.0000	545	64.4076	NA	22151	F207,F225,F229
AF-Q08ER8-F1-model_v4.cif	2.4744	10	3	6	0	0.0000	600	68.2514	NA	16870	F207,F225,F229
AF-Q86Y25-F1-model_v4.cif	2.4565	10	3	4	0	0.0000	554	66.5858	NA	27275	F207,F225,F229
AF-Q6P3V2-F1-model_v4.cif	2.4482	12	3	4	0	0.0000	769	75.6975	NA	23749	F207,F225,F229
AF-Q8IXZ3-F1-model_v4.cif	2.4462	8	3	6	0	0.0000	490	46.2731	NA	28025	F207,F225,F229
AF-Q5JVG8-F1-model_v4.cif	2.4374	10	3	4	0	0.0000	444	68.6308	NA	21410	F207,F225,F229
AF-Q9UC06-F1-model_v4.cif	2.4319	10	3	4	0	0.0000	446	72.1789	NA	43633	F207,F225,F229
AF-Q15929-F1-model_v4.cif	2.4294	6	3	4	0	0.0000	161	90.7148	NA	19354	F207,F225,F229
AF-P52746-F1-model_v4.cif	2.4190	16	3	6	0	0.0000	1687	59.5573	NA	14338	F207,F225,F229
AF-Q3KNW1-F1-model_v4.cif	2.4161	8	3	4	0	0.0000	292	59.1753	NA	20203	F207,F225,F229
AF-Q499Z4-F1-model_v4.cif	2.4157	10	3	4	0	0.0000	452	75.9940	NA	20511	F207,F225,F229
AF-P17030-F1-model_v4.cif	2.4051	10	3	4	0	0.0000	456	78.0392	NA	10208	F207,F225,F229
AF-P57682-F1-model_v4.cif	2.3963	8	3	6	0	0.0000	345	53.0764	NA	14545	F207,F225,F229
AF-Q9P2F9-F1-model_v4.cif	2.3924	10	3	4	0	0.0000	582	64.4035	NA	43561	F207,F225,F229
AF-Q96JF6-F1-model_v4.cif	2.3899	12	3	4	0	0.0000	807	69.6152	NA	35292	F207,F225,F229
AF-Q8N9Z0-F1-model_v4.cif	2.3894	10	3	4	0	0.0000	462	64.3798	NA	29716	F207,F225,F229
AF-Q6ZN19-F1-model_v4.cif	2.3884	12	3	4	0	0.0000	808	69.9837	NA	24732	F207,F225,F229
AF-P17038-F1-model_v4.cif	2.3869	12	3	4	0	0.0000	809	72.6441	NA	10282	F207,F225,F229
AF-Q96H40-F1-model_v4.cif	2.3869	10	3	4	0	0.0000	463	68.1847	NA	35105	F207,F225,F229
AF-Q9NQX6-F1-model_v4.cif	2.3869	10	3	4	0	0.0000	463	75.4450	NA	41202	F207,F225,F229
AF-Q9UPG8-F1-model_v4.cif	2.3822	8	3	4	0	0.0000	496	54.1451	NA	44952	F207,F225,F229
AF-Q9BU19-F1-model_v4.cif	2.3814	10	3	6	0	0.0000	519	53.2968	NA	37852	F207,F225,F229
AF-Q86XN6-F1-model_v4.cif	2.3813	12	3	6	0	0.0000	746	67.8227	NA	27208	F207,F225,F229
AF-A8MUZ8-F1-model_v4.cif	2.3778	8	3	4	0	0.0000	300	65.8521	NA	2397	F207,F225,F229
AF-Q6ZN79-F1-model_v4.cif	2.3778	8	3	4	0	0.0000	300	64.2163	NA	24890	F207,F225,F229
AF-Q14119-F1-model_v4.cif	2.3768	10	3	6	0	0.0000	521	57.3250	NA	18105	F207,F225,F229
AF-Q6IV72-F1-model_v4.cif	2.3755	12	3	6	0	0.0000	752	72.3044	NA	23381	F207,F225,F229
AF-Q9Y2P0-F1-model_v4.cif	2.3721	10	3	6	0	0.0000	537	76.0781	NA	45464	F207,F225,F229
AF-P17024-F1-model_v4.cif	2.3707	10	3	6	0	0.0000	532	72.7221	NA	10184	F207,F225,F229
AF-Q96PQ6-F1-model_v4.cif	2.3703	10	3	4	0	0.0000	595	66.7241	NA	36230	F207,F225,F229
AF-Q9BR84-F1-model_v4.cif	2.3699	10	3	6	0	0.0000	538	60.9372	NA	37568	F207,F225,F229
AF-Q15915-F1-model_v4.cif	2.3577	8	3	6	0	0.0000	447	52.1898	NA	19405	F207,F225,F229
AF-Q96LW9-F1-model_v4.cif	2.3503	8	3	4	0	0.0000	406	67.9708	NA	35741	F207,F225,F229
AF-Q16670-F1-model_v4.cif	2.3491	10	3	4	0	0.0000	478	62.5026	NA	19615	F207,F225,F229
AF-Q9UK11-F1-model_v4.cif	2.3393	10	3	4	0	0.0000	482	62.5835	NA	44258	F207,F225,F229
AF-Q8N2R0-F1-model_v4.cif	2.3374	8	3	4	0	0.0000	312	60.1622	NA	28743	F207,F225,F229
AF-O60765-F1-model_v4.cif	2.3348	10	3	4	0	0.0000	605	68.0824	NA	5114	F207,F225,F229
AF-P49910-F1-model_v4.cif	2.3321	10	3	4	0	0.0000	485	57.2719	NA	13552	F207,F225,F229
AF-O95600-F1-model_v4.cif	2.3264	8	3	6	0	0.0000	359	49.1516	NA	6590	F207,F225,F229
AF-Q68DY9-F1-model_v4.cif	2.3225	10	3	4	0	0.0000	489	63.1014	NA	23006	F207,F225,F229
AF-Q9Y2D9-F1-model_v4.cif	2.3159	10	3	6	0	0.0000	606	55.7272	NA	45414	F207,F225,F229
AF-Q6ZMY9-F1-model_v4.cif	2.3154	10	3	4	0	0.0000	492	67.3399	NA	24685	F207,F225,F229
AF-Q9HCE3-F1-model_v4.cif	2.3108	14	3	6	0	0.0000	1301	52.8747	NA	40785	F207,F225,F229
AF-A6NP11-F1-model_v4.cif	2.3084	10	3	4	0	0.0000	495	69.8959	NA	2187	F207,F225,F229
AF-A6NGD5-F1-model_v4.cif	2.3061	10	3	4	0	0.0000	496	58.4454	NA	1850	F207,F225,F229
AF-P0CG00-F1-model_v4.cif	2.3038	10	3	4	0	0.0000	497	52.6415	NA	8745	F207,F225,F229
AF-Q8NDP4-F1-model_v4.cif	2.2991	10	3	4	0	0.0000	499	69.6463	NA	30164	F207,F225,F229
AF-Q8NCA9-F1-model_v4.cif	2.2973	8	3	4	0	0.0000	323	63.1216	NA	30083	F207,F225,F229
AF-Q6P9A3-F1-model_v4.cif	2.2855	10	3	4	0	0.0000	640	63.5052	NA	23873	F207,F225,F229
AF-Q9H4Z2-F1-model_v4.cif	2.2752	14	3	6	0	0.0000	1342	51.2881	NA	39891	F207,F225,F229
AF-Q3SY56-F1-model_v4.cif	2.2731	8	3	6	0	0.0000	376	48.2369	NA	20353	F207,F225,F229
AF-Q96JP5-F1-model_v4.cif	2.2724	10	3	6	0	0.0000	570	50.9634	NA	35417	F207,F225,F229
AF-Q96NL3-F1-model_v4.cif	2.2669	10	3	6	0	0.0000	588	72.9630	NA	35990	F207,F225,F229
AF-Q8N4W9-F1-model_v4.cif	2.2592	12	3	4	0	0.0000	903	68.5849	NA	29256	F207,F225,F229
AF-Q96NG8-F1-model_v4.cif	2.2588	10	3	4	0	0.0000	517	62.6900	NA	35997	F207,F225,F229
AF-Q5JT82-F1-model_v4.cif	2.2566	8	3	6	0	0.0000	389	53.2782	NA	21310	F207,F225,F229
AF-Q9Y508-F1-model_v4.cif	2.2521	6	3	4	0	0.0000	228	83.2477	NA	46032	F207,F225,F229
AF-Q5VIY5-F1-model_v4.cif	2.2479	10	3	4	0	0.0000	522	64.2882	NA	22256	F207,F225,F229
AF-Q8N9F8-F1-model_v4.cif	2.2479	10	3	4	0	0.0000	522	72.3094	NA	29632	F207,F225,F229
AF-O95365-F1-model_v4.cif	2.2450	10	3	6	0	0.0000	584	54.6777	NA	6516	F207,F225,F229
AF-Q8NB15-F1-model_v4.cif	2.2448	6	3	4	0	0.0000	252	72.1624	NA	29722	F207,F225,F229
AF-P98169-F1-model_v4.cif	2.2377	10	3	6	0	0.0000	803	53.3084	NA	16010	F207,F225,F229
AF-P13682-F1-model_v4.cif	2.2372	10	3	4	0	0.0000	527	62.7441	NA	9726	F207,F225,F229
AF-Q5T0B9-F1-model_v4.cif	2.2353	8	3	6	0	0.0000	420	56.6968	NA	21710	F207,F225,F229
AF-Q68DY1-F1-model_v4.cif	2.2351	10	3	4	0	0.0000	528	71.3486	NA	23015	F207,F225,F229
AF-Q8NCK3-F1-model_v4.cif	2.2347	8	3	4	0	0.0000	441	78.6988	NA	30077	F207,F225,F229
AF-Q7Z3I7-F1-model_v4.cif	2.2330	10	3	4	0	0.0000	529	66.4414	NA	25858	F207,F225,F229
AF-Q8TF50-F1-model_v4.cif	2.2315	10	3	6	0	0.0000	670	62.5618	NA	32223	F207,F225,F229
AF-Q8NEM1-F1-model_v4.cif	2.2309	10	3	4	0	0.0000	530	68.7173	NA	30410	F207,F225,F229
AF-Q9P255-F1-model_v4.cif	2.2288	10	3	4	0	0.0000	531	73.8309	NA	43053	F207,F225,F229
AF-Q8N141-F1-model_v4.cif	2.2267	10	3	4	0	0.0000	532	69.1703	NA	28580	F207,F225,F229
AF-P17031-F1-model_v4.cif	2.2246	10	3	4	0	0.0000	533	73.5534	NA	10194	F207,F225,F229
AF-Q8NEK5-F1-model_v4.cif	2.2246	10	3	4	0	0.0000	533	66.0638	NA	30299	F207,F225,F229
AF-Q9HCL3-F1-model_v4.cif	2.2246	10	3	4	0	0.0000	533	70.6288	NA	40763	F207,F225,F229
AF-P98182-F1-model_v4.cif	2.2230	8	3	6	0	0.0000	395	50.0183	NA	15869	F207,F225,F229
AF-Q15940-F1-model_v4.cif	2.2189	6	3	4	0	0.0000	193	82.4374	NA	19356	F207,F225,F229
AF-O75123-F1-model_v4.cif	2.2184	10	3	4	0	0.0000	536	71.0791	NA	5254	F207,F225,F229
AF-O75373-F1-model_v4.cif	2.2184	10	3	4	0	0.0000	536	75.3944	NA	5503	F207,F225,F229
AF-Q9P0T4-F1-model_v4.cif	2.2167	6	3	4	0	0.0000	197	68.2803	NA	42952	F207,F225,F229
AF-Q9Y4X4-F1-model_v4.cif	2.2147	8	3	6	0	0.0000	402	49.8201	NA	45988	F207,F225,F229
AF-Q12901-F1-model_v4.cif	2.2142	10	3	4	0	0.0000	538	66.1251	NA	17285	F207,F225,F229
AF-Q8N9K5-F1-model_v4.cif	2.2122	10	3	4	0	0.0000	539	72.3951	NA	29677	F207,F225,F229
AF-Q8N8Y5-F1-model_v4.cif	2.2111	6	3	4	0	0.0000	198	68.3491	NA	29528	F207,F225,F229
AF-Q9H5H4-F1-model_v4.cif	2.2101	10	3	4	0	0.0000	540	64.1600	NA	39835	F207,F225,F229
AF-Q9UEG4-F1-model_v4.cif	2.2098	12	3	6	0	0.0000	869	63.2940	NA	43609	F207,F225,F229
AF-Q9HBE1-F1-model_v4.cif	2.2037	10	3	6	0	0.0000	687	51.5632	NA	40476	F207,F225,F229
AF-Q6AW86-F1-model_v4.cif	2.2020	10	3	4	0	0.0000	544	63.8610	NA	23058	F207,F225,F229
AF-Q8N1W2-F1-model_v4.cif	2.2004	10	3	6	0	0.0000	664	60.0084	NA	28675	F207,F225,F229
AF-Q15935-F1-model_v4.cif	2.2000	10	3	4	0	0.0000	545	68.1389	NA	19428	F207,F225,F229
AF-Q9NQX1-F1-model_v4.cif	2.1941	10	3	6	0	0.0000	630	71.6106	NA	41206	F207,F225,F229
AF-Q9UL36-F1-model_v4.cif	2.1939	16	3	6	0	0.0000	1845	53.7433	NA	44803	F207,F225,F229
AF-Q8NEP9-F1-model_v4.cif	2.1935	10	3	6	0	0.0000	628	68.0745	NA	30608	F207,F225,F229
AF-Q9NPC7-F1-model_v4.cif	2.1925	10	3	6	0	0.0000	610	63.3398	NA	41035	F207,F225,F229
AF-Q14584-F1-model_v4.cif	2.1919	10	3	4	0	0.0000	549	69.2190	NA	18447	F207,F225,F229
AF-Q494X3-F1-model_v4.cif	2.1860	10	3	4	0	0.0000	552	71.8443	NA	20495	F207,F225,F229
AF-O75467-F1-model_v4.cif	2.1840	10	3	4	0	0.0000	553	63.5086	NA	5560	F207,F225,F229
AF-O95201-F1-model_v4.cif	2.1820	10	3	4	0	0.0000	554	61.4304	NA	6541	F207,F225,F229
AF-Q96N38-F1-model_v4.cif	2.1820	10	3	4	0	0.0000	554	67.7276	NA	35974	F207,F225,F229
AF-Q9BUY5-F1-model_v4.cif	2.1820	10	3	4	0	0.0000	554	64.5206	NA	37951	F207,F225,F229
AF-Q68EA5-F1-model_v4.cif	2.1801	10	3	4	0	0.0000	555	67.7949	NA	23012	F207,F225,F229
AF-Q86UK7-F1-model_v4.cif	2.1772	10	3	6	0	0.0000	904	62.3610	NA	26664	F207,F225,F229
AF-Q6ZN55-F1-model_v4.cif	2.1762	12	3	6	0	0.0000	896	59.7978	NA	24785	F207,F225,F229
AF-P17032-F1-model_v4.cif	2.1684	10	3	4	0	0.0000	561	63.7725	NA	10193	F207,F225,F229
AF-Q2QGD7-F1-model_v4.cif	2.1648	10	3	6	0	0.0000	858	51.8579	NA	20072	F207,F225,F229
AF-Q8TAF7-F1-model_v4.cif	2.1645	10	3	4	0	0.0000	563	64.3156	NA	31377	F207,F225,F229
AF-Q49A33-F1-model_v4.cif	2.1636	6	3	4	0	0.0000	203	77.3991	NA	20453	F207,F225,F229
AF-Q6ECI4-F1-model_v4.cif	2.1593	10	3	4	0	0.0000	717	71.1662	NA	23178	F207,F225,F229
AF-Q9UIH9-F1-model_v4.cif	2.1561	8	3	6	0	0.0000	416	48.8314	NA	43988	F207,F225,F229
AF-Q8TD23-F1-model_v4.cif	2.1550	10	3	4	0	0.0000	568	71.3019	NA	31701	F207,F225,F229
AF-Q9NW07-F1-model_v4.cif	2.1550	10	3	4	0	0.0000	568	63.6358	NA	42113	F207,F225,F229
AF-Q8TF20-F1-model_v4.cif	2.1549	12	3	6	0	0.0000	911	71.0577	NA	32243	F207,F225,F229
AF-O60281-F2-model_v4.cif	2.1529	12	3	6	0	0.0000	1400	52.9485	NA	4766	F207,F225,F229
AF-Q9H8G1-F1-model_v4.cif	2.1512	10	3	4	0	0.0000	570	71.1136	NA	40185	F207,F225,F229
AF-Q99684-F1-model_v4.cif	2.1507	8	3	6	0	0.0000	422	57.4179	NA	37017	F207,F225,F229
AF-P17028-F1-model_v4.cif	2.1469	8	3	4	0	0.0000	368	66.3669	NA	10212	F207,F225,F229
AF-Q6GPH4-F1-model_v4.cif	2.1457	6	3	4	0	0.0000	301	72.4173	NA	23157	F207,F225,F229
AF-Q6ZN08-F1-model_v4.cif	2.1455	10	3	4	0	0.0000	573	73.1217	NA	24695	F207,F225,F229
AF-Q96C28-F1-model_v4.cif	2.1435	8	3	4	0	0.0000	371	69.0523	NA	34812	F207,F225,F229
AF-P17098-F1-model_v4.cif	2.1418	10	3	4	0	0.0000	575	56.7476	NA	10229	F207,F225,F229
AF-Q15776-F1-model_v4.cif	2.1362	10	3	4	0	0.0000	578	63.9578	NA	19305	F207,F225,F229
AF-Q9H7X3-F1-model_v4.cif	2.1349	8	3	4	0	0.0000	374	73.8942	NA	40095	F207,F225,F229
AF-P10075-F1-model_v4.cif	2.1292	8	3	4	0	0.0000	376	63.8254	NA	9218	F207,F225,F229
AF-Q86XU0-F1-model_v4.cif	2.1252	10	3	4	0	0.0000	584	60.2014	NA	27152	F207,F225,F229
AF-Q5T5D7-F1-model_v4.cif	2.1236	8	3	4	0	0.0000	378	71.3111	NA	21931	F207,F225,F229
AF-Q03936-F1-model_v4.cif	2.1216	10	3	4	0	0.0000	586	71.4205	NA	16502	F207,F225,F229
AF-P0CG24-F1-model_v4.cif	2.1208	8	3	4	0	0.0000	379	89.9055	NA	8758	F207,F225,F229
AF-Q8N7Q3-F1-model_v4.cif	2.1180	10	3	4	0	0.0000	588	71.5891	NA	29428	F207,F225,F229
AF-Q96N58-F1-model_v4.cif	2.1144	10	3	4	0	0.0000	590	64.3696	NA	36054	F207,F225,F229
AF-O95863-F1-model_v4.cif	2.1120	6	3	6	0	0.0000	264	55.9740	NA	6909	F207,F225,F229
AF-Q96T25-F1-model_v4.cif	2.1070	10	3	6	0	0.0000	663	49.2577	NA	36715	F207,F225,F229
AF-Q03923-F1-model_v4.cif	2.1055	10	3	4	0	0.0000	595	75.1301	NA	16499	F207,F225,F229
AF-Q7Z7K2-F1-model_v4.cif	2.1055	10	3	4	0	0.0000	595	63.8739	NA	26439	F207,F225,F229
AF-Q6P1L6-F1-model_v4.cif	2.0985	10	3	4	0	0.0000	599	66.5179	NA	23623	F207,F225,F229
AF-Q6P9A1-F1-model_v4.cif	2.0985	10	3	4	0	0.0000	599	66.3661	NA	23834	F207,F225,F229
AF-Q9HCK0-F1-model_v4.cif	2.0941	8	3	6	0	0.0000	441	44.6738	NA	40718	F207,F225,F229
AF-Q3MJ62-F1-model_v4.cif	2.0933	8	3	4	0	0.0000	389	64.4850	NA	20320	F207,F225,F229
AF-Q9BS34-F1-model_v4.cif	2.0933	8	3	4	0	0.0000	389	67.5591	NA	37609	F207,F225,F229
AF-Q63HK3-F1-model_v4.cif	2.0916	12	3	6	0	0.0000	967	50.6581	NA	22778	F207,F225,F229
AF-Q09FC8-F1-model_v4.cif	2.0915	10	3	4	0	0.0000	603	58.9155	NA	17002	F207,F225,F229
AF-P58317-F1-model_v4.cif	2.0907	8	3	4	0	0.0000	390	68.2637	NA	15029	F207,F225,F229
AF-O43309-F1-model_v4.cif	2.0898	10	3	4	0	0.0000	604	66.3520	NA	4283	F207,F225,F229
AF-Q96RE9-F1-model_v4.cif	2.0898	10	3	4	0	0.0000	604	67.8071	NA	36477	F207,F225,F229
AF-A0A1W2PQL4-F1-model_v4.cif	2.0871	8	3	4	0	0.0000	384	69.1471	NA	996	F207,F225,F229
AF-P98168-F1-model_v4.cif	2.0833	10	3	6	0	0.0000	799	54.1630	NA	15908	F207,F225,F229
AF-Q6DJT9-F1-model_v4.cif	2.0807	8	3	6	0	0.0000	500	55.3662	NA	23148	F207,F225,F229
AF-Q0D2J5-F1-model_v4.cif	2.0800	8	3	4	0	0.0000	394	67.6345	NA	16995	F207,F225,F229
AF-Q6ZN06-F1-model_v4.cif	2.0676	10	3	4	0	0.0000	617	65.7554	NA	24691	F207,F225,F229
AF-Q96MX3-F1-model_v4.cif	2.0660	10	3	4	0	0.0000	618	62.4854	NA	35910	F207,F225,F229
AF-Q96K58-F1-model_v4.cif	2.0643	10	3	4	0	0.0000	619	71.3040	NA	35442	F207,F225,F229
AF-P35789-F1-model_v4.cif	2.0626	10	3	4	0	0.0000	620	74.7372	NA	12326	F207,F225,F229
AF-Q8TD94-F1-model_v4.cif	2.0623	6	3	4	0	0.0000	323	57.3434	NA	31800	F207,F225,F229
AF-Q9H116-F1-model_v4.cif	2.0615	10	3	6	0	0.0000	711	57.7158	NA	39264	F207,F225,F229
AF-P17026-F1-model_v4.cif	2.0596	6	3	4	0	0.0000	224	71.0248	NA	10159	F207,F225,F229
AF-P0DKX0-F1-model_v4.cif	2.0593	10	3	4	0	0.0000	622	68.7321	NA	9037	F207,F225,F229
AF-Q8IVP9-F1-model_v4.cif	2.0592	8	3	4	0	0.0000	402	68.0660	NA	27689	F207,F225,F229
AF-Q96NG5-F1-model_v4.cif	2.0592	8	3	4	0	0.0000	402	73.0131	NA	36058	F207,F225,F229
AF-Q9NXT0-F1-model_v4.cif	2.0592	8	3	4	0	0.0000	402	72.6584	NA	42276	F207,F225,F229
AF-Q9H165-F1-model_v4.cif	2.0587	10	3	6	0	0.0000	835	51.6704	NA	39313	F207,F225,F229
AF-P17039-F1-model_v4.cif	2.0577	10	3	4	0	0.0000	623	77.9603	NA	10211	F207,F225,F229
AF-A6NFI3-F1-model_v4.cif	2.0559	12	3	6	0	0.0000	1004	59.3051	NA	2102	F207,F225,F229
AF-O43296-F1-model_v4.cif	2.0511	10	3	4	0	0.0000	627	64.9319	NA	4273	F207,F225,F229
AF-Q9H7R0-F1-model_v4.cif	2.0511	10	3	4	0	0.0000	627	69.0635	NA	40220	F207,F225,F229
AF-P17010-F1-model_v4.cif	2.0503	10	3	6	0	0.0000	805	54.0050	NA	10264	F207,F225,F229
AF-Q3MIS6-F1-model_v4.cif	2.0494	10	3	4	0	0.0000	628	69.1730	NA	20345	F207,F225,F229
AF-P0C7X2-F1-model_v4.cif	2.0469	6	3	4	0	0.0000	276	59.2838	NA	8762	F207,F225,F229
AF-Q6P2D0-F1-model_v4.cif	2.0465	8	3	4	0	0.0000	407	65.1871	NA	23659	F207,F225,F229
AF-Q96K75-F1-model_v4.cif	2.0449	8	3	4	0	0.0000	400	64.6846	NA	35405	F207,F225,F229
AF-A6NHJ4-F1-model_v4.cif	2.0429	10	3	4	0	0.0000	632	64.9171	NA	2125	F207,F225,F229
AF-P41182-F1-model_v4.cif	2.0380	10	3	6	0	0.0000	706	49.5963	NA	12560	F207,F225,F229
AF-Q6PG37-F1-model_v4.cif	2.0365	10	3	4	0	0.0000	636	63.4290	NA	23899	F207,F225,F229
AF-Q8TF47-F1-model_v4.cif	2.0365	10	3	4	0	0.0000	636	64.3776	NA	32209	F207,F225,F229
AF-P0CB33-F1-model_v4.cif	2.0341	8	3	4	0	0.0000	412	68.3007	NA	8725	F207,F225,F229
AF-Q8TBZ5-F1-model_v4.cif	2.0304	8	3	4	0	0.0000	544	73.7516	NA	31544	F207,F225,F229
AF-P59923-F1-model_v4.cif	2.0288	12	3	6	0	0.0000	1031	57.1397	NA	14839	F207,F225,F229
AF-Q32M78-F1-model_v4.cif	2.0270	10	3	4	0	0.0000	642	70.7273	NA	20189	F207,F225,F229
AF-A6NM28-F1-model_v4.cif	2.0243	8	3	4	0	0.0000	416	72.5504	NA	2009	F207,F225,F229
AF-Q16587-F1-model_v4.cif	2.0238	10	3	4	0	0.0000	644	65.3572	NA	19628	F207,F225,F229
AF-Q96N22-F1-model_v4.cif	2.0223	10	3	4	0	0.0000	645	67.5101	NA	35948	F207,F225,F229
AF-Q6ZR52-F1-model_v4.cif	2.0207	10	3	4	0	0.0000	646	79.5236	NA	24877	F207,F225,F229
AF-P11161-F1-model_v4.cif	2.0203	8	3	6	0	0.0000	476	48.7840	NA	9398	F207,F225,F229
AF-Q8N184-F1-model_v4.cif	2.0191	10	3	4	0	0.0000	647	69.9379	NA	28620	F207,F225,F229
AF-P56270-F1-model_v4.cif	2.0182	8	3	6	0	0.0000	477	58.0966	NA	14480	F207,F225,F229
AF-Q8IYB9-F1-model_v4.cif	2.0176	10	3	4	0	0.0000	648	76.1074	NA	28087	F207,F225,F229
AF-Q8IYX0-F1-model_v4.cif	2.0173	8	3	4	0	0.0000	411	70.9363	NA	28166	F207,F225,F229
AF-Q0VGE8-F1-model_v4.cif	2.0129	10	3	4	0	0.0000	651	66.2237	NA	17120	F207,F225,F229
AF-Q8IVC4-F1-model_v4.cif	2.0122	8	3	4	0	0.0000	421	63.4198	NA	27507	F207,F225,F229
AF-Q9Y2Y4-F1-model_v4.cif	2.0122	8	3	6	0	0.0000	487	56.8312	NA	45656	F207,F225,F229
AF-P49711-F1-model_v4.cif	2.0121	10	3	6	0	0.0000	727	59.0432	NA	13454	F207,F225,F229
AF-P52736-F1-model_v4.cif	2.0083	10	3	4	0	0.0000	654	72.6326	NA	14066	F207,F225,F229
AF-Q2M218-F1-model_v4.cif	2.0037	10	3	4	0	0.0000	657	67.0092	NA	19979	F207,F225,F229
AF-P0CJ78-F1-model_v4.cif	2.0018	12	3	6	0	0.0000	1059	56.8034	NA	9018	F207,F225,F229
AF-Q5EBL2-F1-model_v4.cif	2.0018	12	3	6	0	0.0000	1059	56.3314	NA	21209	F207,F225,F229
AF-Q9HCX3-F1-model_v4.cif	2.0007	10	3	4	0	0.0000	659	65.0755	NA	40853	F207,F225,F229
AF-Q6V9R5-F1-model_v4.cif	2.0004	8	3	4	0	0.0000	426	60.2958	NA	24501	F207,F225,F229
AF-Q92670-F1-model_v4.cif	2.0004	8	3	4	0	0.0000	426	60.8025	NA	33545	F207,F225,F229
AF-B4DX44-F1-model_v4.cif	1.9980	8	3	4	0	0.0000	427	71.8017	NA	2527	F207,F225,F229
AF-P51508-F1-model_v4.cif	1.9976	10	3	4	0	0.0000	661	62.6574	NA	13780	F207,F225,F229
AF-P15621-F1-model_v4.cif	1.9946	10	3	4	0	0.0000	663	65.9529	NA	10017	F207,F225,F229
AF-O75541-F1-model_v4.cif	1.9938	8	3	4	0	0.0000	412	59.5523	NA	5613	F207,F225,F229
AF-Q86YE8-F1-model_v4.cif	1.9916	10	3	4	0	0.0000	665	75.2025	NA	27309	F207,F225,F229
AF-Q96JL9-F1-model_v4.cif	1.9916	10	3	4	0	0.0000	665	57.8020	NA	35332	F207,F225,F229
AF-Q08AG5-F1-model_v4.cif	1.9901	10	3	4	0	0.0000	666	52.4472	NA	16871	F207,F225,F229
AF-Q5JNZ3-F1-model_v4.cif	1.9901	10	3	4	0	0.0000	666	63.6103	NA	21344	F207,F225,F229
AF-A6NK53-F1-model_v4.cif	1.9842	10	3	4	0	0.0000	670	51.7372	NA	2053	F207,F225,F229
AF-Q7Z340-F1-model_v4.cif	1.9842	10	3	4	0	0.0000	670	65.0438	NA	25845	F207,F225,F229
AF-Q8TDD2-F1-model_v4.cif	1.9838	8	3	4	0	0.0000	431	49.9720	NA	31768	F207,F225,F229
AF-Q9BRH9-F1-model_v4.cif	1.9827	10	3	4	0	0.0000	671	63.0286	NA	37566	F207,F225,F229
AF-Q05516-F1-model_v4.cif	1.9797	10	3	4	0	0.0000	673	52.3926	NA	16757	F207,F225,F229
AF-Q76KX8-F1-model_v4.cif	1.9783	10	3	4	0	0.0000	674	67.6129	NA	25510	F207,F225,F229
AF-Q86V71-F1-model_v4.cif	1.9783	10	3	4	0	0.0000	674	72.7120	NA	26877	F207,F225,F229
AF-Q9NSJ1-F1-model_v4.cif	1.9769	8	3	4	0	0.0000	428	73.0194	NA	41649	F207,F225,F229
AF-Q8TF45-F1-model_v4.cif	1.9753	10	3	4	0	0.0000	676	69.7011	NA	32234	F207,F225,F229
AF-Q13106-F1-model_v4.cif	1.9750	8	3	4	0	0.0000	437	70.4783	NA	17431	F207,F225,F229
AF-Q96K62-F1-model_v4.cif	1.9682	8	3	6	0	0.0000	511	62.5343	NA	35404	F207,F225,F229
AF-Q3KNS6-F1-model_v4.cif	1.9677	8	3	4	0	0.0000	432	72.7725	NA	20230	F207,F225,F229
AF-P17020-F1-model_v4.cif	1.9666	10	3	4	0	0.0000	682	68.5440	NA	10275	F207,F225,F229
AF-Q02386-F1-model_v4.cif	1.9666	10	3	4	0	0.0000	682	66.8583	NA	16131	F207,F225,F229
AF-Q96LX8-F1-model_v4.cif	1.9654	8	3	4	0	0.0000	424	48.7147	NA	35738	F207,F225,F229
AF-Q6PK81-F1-model_v4.cif	1.9638	8	3	4	0	0.0000	442	70.0994	NA	23914	F207,F225,F229
AF-P17097-F1-model_v4.cif	1.9609	10	3	4	0	0.0000	686	67.6143	NA	10255	F207,F225,F229
AF-Q8TAQ5-F1-model_v4.cif	1.9580	10	3	4	0	0.0000	688	77.8275	NA	31474	F207,F225,F229
AF-Q9UKT9-F1-model_v4.cif	1.9537	8	3	6	0	0.0000	509	48.7313	NA	44408	F207,F225,F229
AF-Q8N859-F1-model_v4.cif	1.9516	8	3	4	0	0.0000	430	54.3859	NA	29445	F207,F225,F229
AF-Q8N8Z8-F1-model_v4.cif	1.9510	10	3	4	0	0.0000	693	69.7549	NA	29652	F207,F225,F229
AF-Q96SK3-F1-model_v4.cif	1.9468	10	3	4	0	0.0000	696	77.9966	NA	36716	F207,F225,F229
AF-P17014-F1-model_v4.cif	1.9454	10	3	4	0	0.0000	697	70.3612	NA	10260	F207,F225,F229
AF-Q9NU63-F1-model_v4.cif	1.9420	8	3	4	0	0.0000	452	56.5970	NA	41863	F207,F225,F229
AF-Q86WZ6-F1-model_v4.cif	1.9410	10	3	6	0	0.0000	799	65.7019	NA	27109	F207,F225,F229
AF-Q9BQA5-F1-model_v4.cif	1.9386	8	3	6	0	0.0000	517	72.2342	NA	37365	F207,F225,F229
AF-Q66K89-F1-model_v4.cif	1.9376	10	3	6	0	0.0000	784	55.1460	NA	23037	F207,F225,F229
AF-Q9BYN7-F1-model_v4.cif	1.9367	10	3	6	0	0.0000	854	54.9534	NA	38550	F207,F225,F229
AF-Q9UK10-F1-model_v4.cif	1.9329	10	3	4	0	0.0000	706	69.5510	NA	44277	F207,F225,F229
AF-Q9NZL3-F1-model_v4.cif	1.9315	10	3	4	0	0.0000	707	70.9930	NA	42709	F207,F225,F229
AF-O43829-F1-model_v4.cif	1.9301	8	3	4	0	0.0000	449	52.1279	NA	4590	F207,F225,F229
AF-Q16600-F1-model_v4.cif	1.9292	8	3	4	0	0.0000	458	62.4132	NA	19650	F207,F225,F229
AF-Q6ZN57-F1-model_v4.cif	1.9229	8	3	4	0	0.0000	461	79.3862	NA	24726	F207,F225,F229
AF-Q9NYW8-F1-model_v4.cif	1.9221	10	3	4	0	0.0000	714	65.9278	NA	42650	F207,F225,F229
AF-A6NDX5-F1-model_v4.cif	1.9194	10	3	4	0	0.0000	716	66.8679	NA	1759	F207,F225,F229
AF-Q9UKS7-F1-model_v4.cif	1.9175	8	3	6	0	0.0000	526	50.3934	NA	44423	F207,F225,F229
AF-Q96BR6-F1-model_v4.cif	1.9167	8	3	4	0	0.0000	464	64.5613	NA	34339	F207,F225,F229
AF-P0CJ79-F1-model_v4.cif	1.9167	10	3	4	0	0.0000	718	69.4613	NA	9029	F207,F225,F229
AF-P17035-F1-model_v4.cif	1.9167	10	3	4	0	0.0000	718	68.6790	NA	10306	F207,F225,F229
AF-Q2M1K9-F1-model_v4.cif	1.9158	12	3	6	0	0.0000	1284	60.0823	NA	20114	F207,F225,F229
AF-Q9H9D4-F1-model_v4.cif	1.9140	10	3	4	0	0.0000	720	55.0558	NA	40353	F207,F225,F229
AF-P19544-F1-model_v4.cif	1.9099	8	3	4	0	0.0000	449	50.6743	NA	10420	F207,F225,F229
AF-Q96SZ4-F1-model_v4.cif	1.9074	10	3	4	0	0.0000	725	65.6556	NA	36749	F207,F225,F229
AF-P52744-F1-model_v4.cif	1.9044	6	3	4	0	0.0000	262	68.9933	NA	13964	F207,F225,F229
AF-Q9C0F3-F1-model_v4.cif	1.9044	8	3	4	0	0.0000	470	77.0682	NA	38845	F207,F225,F229
AF-P28698-F1-model_v4.cif	1.8957	10	3	4	0	0.0000	734	65.9344	NA	11620	F207,F225,F229
AF-Q9HAH1-F1-model_v4.cif	1.8951	8	3	4	0	0.0000	456	64.4079	NA	40655	F207,F225,F229
AF-Q96C55-F1-model_v4.cif	1.8909	6	3	4	0	0.0000	264	67.1660	NA	34382	F207,F225,F229
AF-A6NNF4-F1-model_v4.cif	1.8905	10	3	4	0	0.0000	738	71.1154	NA	2198	F207,F225,F229
AF-A0PJY2-F1-model_v4.cif	1.8897	8	3	4	0	0.0000	475	55.8989	NA	1303	F207,F225,F229
AF-Q8TBJ5-F1-model_v4.cif	1.8889	8	3	4	0	0.0000	459	52.7823	NA	31580	F207,F225,F229
AF-Q86VK4-F1-model_v4.cif	1.8884	8	3	4	0	0.0000	478	49.5743	NA	26846	F207,F225,F229
AF-Q9NR11-F1-model_v4.cif	1.8884	8	3	4	0	0.0000	478	60.0114	NA	41292	F207,F225,F229
AF-Q8N143-F1-model_v4.cif	1.8865	8	3	4	0	0.0000	479	51.3832	NA	28545	F207,F225,F229
AF-Q14586-F1-model_v4.cif	1.8842	10	3	4	0	0.0000	743	61.5092	NA	18456	F207,F225,F229
AF-Q05215-F1-model_v4.cif	1.8833	8	3	6	0	0.0000	589	50.7014	NA	16578	F207,F225,F229
AF-Q9NQV7-F1-model_v4.cif	1.8833	10	3	6	0	0.0000	894	70.5035	NA	41257	F207,F225,F229
AF-P18146-F1-model_v4.cif	1.8793	8	3	6	0	0.0000	543	49.4459	NA	10318	F207,F225,F229
AF-Q9UIE0-F1-model_v4.cif	1.8785	8	3	4	0	0.0000	474	58.6024	NA	43983	F207,F225,F229
AF-Q8NA42-F1-model_v4.cif	1.8765	8	3	4	0	0.0000	475	74.6122	NA	29772	F207,F225,F229
AF-Q3SY52-F1-model_v4.cif	1.8709	8	3	4	0	0.0000	487	66.1236	NA	20347	F207,F225,F229
AF-P10073-F1-model_v4.cif	1.8633	8	3	4	0	0.0000	491	68.3961	NA	9255	F207,F225,F229
AF-Q9Y5A6-F1-model_v4.cif	1.8608	8	3	4	0	0.0000	473	65.7673	NA	46185	F207,F225,F229
AF-Q96CK0-F1-model_v4.cif	1.8604	8	3	6	0	0.0000	615	50.1688	NA	34422	F207,F225,F229
AF-Q86W11-F1-model_v4.cif	1.8576	8	3	4	0	0.0000	494	64.8692	NA	26930	F207,F225,F229
AF-Q86T24-F1-model_v4.cif	1.8556	8	3	6	0	0.0000	672	55.0249	NA	26629	F207,F225,F229
AF-O95780-F1-model_v4.cif	1.8501	8	3	4	0	0.0000	498	70.2471	NA	6816	F207,F225,F229
AF-Q6ZNH5-F1-model_v4.cif	1.8501	8	3	4	0	0.0000	498	77.9339	NA	24710	F207,F225,F229
AF-A8MUV8-F1-model_v4.cif	1.8483	8	3	4	0	0.0000	499	69.2990	NA	2416	F207,F225,F229
AF-O75346-F1-model_v4.cif	1.8483	8	3	4	0	0.0000	499	71.2059	NA	5591	F207,F225,F229
AF-P17019-F1-model_v4.cif	1.8483	8	3	4	0	0.0000	499	79.7254	NA	10165	F207,F225,F229
AF-Q6N043-F1-model_v4.cif	1.8460	10	3	6	0	0.0000	979	54.8531	NA	23434	F207,F225,F229
AF-O43361-F1-model_v4.cif	1.8413	10	3	4	0	0.0000	778	59.1092	NA	4334	F207,F225,F229
AF-Q06732-F1-model_v4.cif	1.8413	10	3	4	0	0.0000	778	65.5259	NA	16745	F207,F225,F229
AF-Q08AN1-F1-model_v4.cif	1.8378	10	3	4	0	0.0000	781	70.8599	NA	16910	F207,F225,F229
AF-Q8N393-F1-model_v4.cif	1.8366	10	3	4	0	0.0000	782	62.3708	NA	28824	F207,F225,F229
AF-Q96SL8-F1-model_v4.cif	1.8364	8	3	4	0	0.0000	496	61.2202	NA	36839	F207,F225,F229
AF-P51786-F1-model_v4.cif	1.8354	8	3	4	0	0.0000	506	74.8836	NA	13876	F207,F225,F229
AF-Q9Y2X9-F1-model_v4.cif	1.8340	10	3	6	0	0.0000	895	46.8837	NA	45706	F207,F225,F229
AF-Q9BRP0-F1-model_v4.cif	1.8330	6	3	4	0	0.0000	275	61.7193	NA	37490	F207,F225,F229
AF-A2RRD8-F1-model_v4.cif	1.8300	8	3	4	0	0.0000	509	70.1082	NA	1326	F207,F225,F229
AF-P51815-F1-model_v4.cif	1.8282	8	3	4	0	0.0000	510	61.1706	NA	13902	F207,F225,F229
AF-Q96MR9-F1-model_v4.cif	1.8273	10	3	4	0	0.0000	790	63.9307	NA	35916	F207,F225,F229
AF-Q13129-F1-model_v4.cif	1.8268	12	3	6	0	0.0000	1914	56.0595	NA	17764	F207,F225,F229
AF-Q8N720-F1-model_v4.cif	1.8263	8	3	4	0	0.0000	491	52.5963	NA	29365	F207,F225,F229
AF-Q8WXB4-F1-model_v4.cif	1.8250	10	3	4	0	0.0000	792	59.1931	NA	32612	F207,F225,F229
AF-Q9HAZ2-F1-model_v4.cif	1.8236	12	3	6	0	0.0000	1276	50.2979	NA	40505	F207,F225,F229
AF-Q8IW36-F1-model_v4.cif	1.8193	8	3	4	0	0.0000	515	65.5264	NA	27738	F207,F225,F229
AF-Q68DI1-F1-model_v4.cif	1.8140	8	3	4	0	0.0000	518	64.8045	NA	22912	F207,F225,F229
AF-Q6P9G9-F1-model_v4.cif	1.8140	8	3	4	0	0.0000	518	60.8711	NA	23827	F207,F225,F229
AF-Q96HQ0-F1-model_v4.cif	1.8110	8	3	4	0	0.0000	510	68.6589	NA	35130	F207,F225,F229
AF-Q9HBT8-F1-model_v4.cif	1.8088	8	3	4	0	0.0000	521	65.0482	NA	40733	F207,F225,F229
AF-A0A087WUV0-F1-model_v4.cif	1.8071	8	3	4	0	0.0000	522	65.5895	NA	740	F207,F225,F229
AF-P0CG31-F1-model_v4.cif	1.8071	8	3	4	0	0.0000	522	65.9671	NA	8774	F207,F225,F229
AF-Q06730-F1-model_v4.cif	1.8046	10	3	4	0	0.0000	810	63.4199	NA	16703	F207,F225,F229
AF-Q5SXM1-F1-model_v4.cif	1.8019	8	3	4	0	0.0000	525	76.0632	NA	21608	F207,F225,F229
AF-Q9BS31-F1-model_v4.cif	1.8009	8	3	4	0	0.0000	505	68.6680	NA	37617	F207,F225,F229
AF-Q49AA0-F1-model_v4.cif	1.8002	8	3	4	0	0.0000	526	64.8455	NA	20503	F207,F225,F229
AF-Q9HCG1-F1-model_v4.cif	1.7957	10	3	4	0	0.0000	818	69.0994	NA	40753	F207,F225,F229
AF-P51814-F1-model_v4.cif	1.7924	10	3	4	0	0.0000	821	65.5932	NA	13989	F207,F225,F229
AF-Q96JG9-F12-model_v4.cif	1.7922	10	3	6	0	0.0000	1400	40.4047	NA	35341	F207,F225,F229
AF-Q96N20-F1-model_v4.cif	1.7917	6	3	4	0	0.0000	296	72.2638	NA	35918	F207,F225,F229
AF-Q96EG3-F1-model_v4.cif	1.7917	8	3	4	0	0.0000	531	57.7831	NA	34677	F207,F225,F229
AF-Q147U1-F1-model_v4.cif	1.7883	8	3	4	0	0.0000	533	71.0195	NA	18593	F207,F225,F229
AF-A1YPR0-F1-model_v4.cif	1.7882	8	3	6	0	0.0000	619	54.8773	NA	1407	F207,F225,F229
AF-Q9UJW7-F1-model_v4.cif	1.7881	10	3	4	0	0.0000	825	63.4336	NA	44211	F207,F225,F229
AF-Q9UJL9-F1-model_v4.cif	1.7867	8	3	4	0	0.0000	534	64.5168	NA	44153	F207,F225,F229
AF-Q96JC4-F1-model_v4.cif	1.7866	8	3	4	0	0.0000	524	72.9659	NA	35266	F207,F225,F229
AF-Q9Y2Y9-F1-model_v4.cif	1.7851	6	3	4	0	0.0000	288	57.7946	NA	45627	F207,F225,F229
AF-Q96NI8-F1-model_v4.cif	1.7833	8	3	4	0	0.0000	536	71.3736	NA	36009	F207,F225,F229
AF-Q96BV0-F1-model_v4.cif	1.7817	8	3	4	0	0.0000	537	62.5330	NA	34397	F207,F225,F229
AF-Q9BRR0-F1-model_v4.cif	1.7800	8	3	4	0	0.0000	538	60.3272	NA	37892	F207,F225,F229
AF-Q9Y6R6-F1-model_v4.cif	1.7795	10	3	4	0	0.0000	833	71.7402	NA	46614	F207,F225,F229
AF-Q86UE3-F1-model_v4.cif	1.7763	10	3	4	0	0.0000	836	73.9321	NA	26642	F207,F225,F229
AF-Q86UD4-F1-model_v4.cif	1.7751	8	3	4	0	0.0000	541	65.9755	NA	26630	F207,F225,F229
AF-Q8N8E2-F1-model_v4.cif	1.7751	8	3	4	0	0.0000	541	57.3079	NA	29464	F207,F225,F229
AF-Q8IYN0-F1-model_v4.cif	1.7734	8	3	4	0	0.0000	542	69.0453	NA	28138	F207,F225,F229
AF-Q86TJ5-F1-model_v4.cif	1.7632	8	3	4	0	0.0000	538	55.9058	NA	26587	F207,F225,F229
AF-Q96KM6-F1-model_v4.cif	1.7625	8	3	4	0	0.0000	892	57.2177	NA	35568	F207,F225,F229
AF-P17022-F1-model_v4.cif	1.7621	8	3	4	0	0.0000	549	55.6660	NA	10191	F207,F225,F229
AF-Q96SR6-F1-model_v4.cif	1.7605	8	3	4	0	0.0000	550	61.4648	NA	36710	F207,F225,F229
AF-Q8TB69-F1-model_v4.cif	1.7600	8	3	4	0	0.0000	540	59.9286	NA	31472	F207,F225,F229
AF-Q5JVG2-F1-model_v4.cif	1.7595	10	3	4	0	0.0000	852	60.0779	NA	21506	F207,F225,F229
AF-B7Z6K7-F1-model_v4.cif	1.7564	10	3	4	0	0.0000	855	68.7141	NA	2656	F207,F225,F229
AF-P0CI00-F1-model_v4.cif	1.7550	6	3	4	0	0.0000	300	59.8451	NA	8773	F207,F225,F229
AF-Q17R98-F1-model_v4.cif	1.7481	10	3	6	0	0.0000	1081	48.9339	NA	19810	F207,F225,F229
AF-A8MXY4-F1-model_v4.cif	1.7473	10	3	4	0	0.0000	864	73.8727	NA	2451	F207,F225,F229
AF-Q9P2J8-F1-model_v4.cif	1.7463	10	3	4	0	0.0000	865	70.4463	NA	43241	F207,F225,F229
AF-P52747-F1-model_v4.cif	1.7450	8	3	6	0	0.0000	638	50.1745	NA	14071	F207,F225,F229
AF-Q8IZ26-F1-model_v4.cif	1.7447	8	3	4	0	0.0000	560	69.9092	NA	28198	F207,F225,F229
AF-Q53GI3-F1-model_v4.cif	1.7431	8	3	4	0	0.0000	561	60.2471	NA	20903	F207,F225,F229
AF-Q8WTR7-F1-model_v4.cif	1.7402	10	3	4	0	0.0000	871	59.1472	NA	32380	F207,F225,F229
AF-B4DU55-F1-model_v4.cif	1.7400	8	3	4	0	0.0000	563	70.0136	NA	2559	F207,F225,F229
AF-P17029-F1-model_v4.cif	1.7400	8	3	4	0	0.0000	563	59.1235	NA	10198	F207,F225,F229
AF-Q6P280-F1-model_v4.cif	1.7400	8	3	4	0	0.0000	563	59.5559	NA	23661	F207,F225,F229
AF-Q14593-F1-model_v4.cif	1.7308	8	3	4	0	0.0000	569	70.0041	NA	18402	F207,F225,F229
AF-Q96ND8-F1-model_v4.cif	1.7308	8	3	4	0	0.0000	569	71.4114	NA	36000	F207,F225,F229
AF-P15622-F1-model_v4.cif	1.7282	8	3	4	0	0.0000	560	73.5766	NA	9927	F207,F225,F229
AF-A6NK75-F1-model_v4.cif	1.7263	8	3	4	0	0.0000	572	73.8925	NA	2052	F207,F225,F229
AF-Q9Y2Q1-F1-model_v4.cif	1.7236	8	3	4	0	0.0000	563	66.8833	NA	45520	F207,F225,F229
AF-Q8TAU3-F1-model_v4.cif	1.7218	8	3	4	0	0.0000	575	65.3584	NA	31390	F207,F225,F229
AF-Q96SQ5-F1-model_v4.cif	1.7218	8	3	4	0	0.0000	575	66.2245	NA	36886	F207,F225,F229
AF-Q8TF32-F1-model_v4.cif	1.7203	8	3	4	0	0.0000	576	70.7924	NA	32132	F207,F225,F229
AF-P0C7X5-F1-model_v4.cif	1.7140	8	3	4	0	0.0000	589	47.8501	NA	8757	F207,F225,F229
AF-Q8NB50-F1-model_v4.cif	1.7120	10	3	4	0	0.0000	900	67.9969	NA	29927	F207,F225,F229
AF-Q9NQV6-F1-model_v4.cif	1.7085	10	3	6	0	0.0000	1147	55.3393	NA	41214	F207,F225,F229
AF-Q9BY31-F1-model_v4.cif	1.7082	10	3	4	0	0.0000	904	62.7691	NA	38368	F207,F225,F229
AF-B4DXR9-F1-model_v4.cif	1.7070	8	3	4	0	0.0000	585	68.8353	NA	2593	F207,F225,F229
AF-Q8N895-F1-model_v4.cif	1.7057	8	3	6	0	0.0000	744	57.1642	NA	29553	F207,F225,F229
AF-Q6PDB4-F1-model_v4.cif	1.7026	8	3	4	0	0.0000	577	68.3556	NA	23858	F207,F225,F229
AF-Q6ZRF7-F1-model_v4.cif	1.7007	4	3	4	0	0.0000	136	64.4186	NA	24832	F207,F225,F229
AF-Q9UJU3-F1-model_v4.cif	1.6997	10	3	4	0	0.0000	913	54.6109	NA	44206	F207,F225,F229
AF-Q2VY69-F1-model_v4.cif	1.6955	8	3	4	0	0.0000	593	64.8789	NA	20147	F207,F225,F229
AF-Q9BWM5-F1-model_v4.cif	1.6940	8	3	4	0	0.0000	594	62.1151	NA	38146	F207,F225,F229
AF-O95625-F1-model_v4.cif	1.6939	10	3	6	0	0.0000	1053	57.8402	NA	6721	F207,F225,F229
AF-Q8N883-F1-model_v4.cif	1.6909	8	3	4	0	0.0000	585	64.7798	NA	29458	F207,F225,F229
AF-Q03938-F1-model_v4.cif	1.6841	8	3	4	0	0.0000	601	72.9864	NA	16504	F207,F225,F229
AF-Q6ZNA1-F1-model_v4.cif	1.6787	10	3	4	0	0.0000	936	69.6694	NA	24895	F207,F225,F229
AF-O75362-F1-model_v4.cif	1.6759	10	3	6	0	0.0000	1048	49.3538	NA	5414	F207,F225,F229
AF-Q14587-F1-model_v4.cif	1.6689	10	3	4	0	0.0000	947	67.8138	NA	18498	F207,F225,F229
AF-Q9UL59-F1-model_v4.cif	1.6614	8	3	4	0	0.0000	606	61.1889	NA	44536	F207,F225,F229
AF-Q9UK13-F1-model_v4.cif	1.6580	8	3	4	0	0.0000	617	69.4892	NA	44333	F207,F225,F229
AF-Q7Z4V0-F1-model_v4.cif	1.6573	8	3	4	0	0.0000	828	48.7419	NA	26058	F207,F225,F229
AF-Q96N95-F1-model_v4.cif	1.6552	6	3	4	0	0.0000	335	57.5514	NA	36020	F207,F225,F229
AF-Q96LW1-F1-model_v4.cif	1.6532	8	3	4	0	0.0000	612	67.7330	NA	35775	F207,F225,F229
AF-Q9H4T2-F1-model_v4.cif	1.6524	6	3	4	0	0.0000	348	67.2822	NA	39777	F207,F225,F229
AF-Q8N8C0-F1-model_v4.cif	1.6513	6	3	4	0	0.0000	355	51.2759	NA	29431	F207,F225,F229
AF-Q7Z7L9-F1-model_v4.cif	1.6505	8	3	4	0	0.0000	614	69.8645	NA	26409	F207,F225,F229
AF-Q96IR2-F1-model_v4.cif	1.6490	10	3	4	0	0.0000	970	70.0331	NA	35176	F207,F225,F229
AF-Q9Y2P7-F1-model_v4.cif	1.6488	8	3	4	0	0.0000	627	67.4012	NA	45497	F207,F225,F229
AF-Q6PF04-F1-model_v4.cif	1.6465	8	3	4	0	0.0000	617	65.8281	NA	24017	F207,F225,F229
AF-Q15973-F1-model_v4.cif	1.6454	6	3	4	0	0.0000	351	74.3417	NA	19396	F207,F225,F229
AF-A8MTY0-F1-model_v4.cif	1.6438	8	3	4	0	0.0000	619	75.8557	NA	2336	F207,F225,F229
AF-Q96MN9-F1-model_v4.cif	1.6429	6	3	4	0	0.0000	340	55.6785	NA	35832	F207,F225,F229
AF-Q3KQV3-F1-model_v4.cif	1.6423	8	3	4	0	0.0000	632	64.1810	NA	20306	F207,F225,F229
AF-Q7Z3V5-F1-model_v4.cif	1.6399	8	3	4	0	0.0000	609	74.8418	NA	25850	F207,F225,F229
AF-Q5HYK9-F1-model_v4.cif	1.6385	8	3	4	0	0.0000	610	70.6578	NA	21277	F207,F225,F229
AF-O60281-F8-model_v4.cif	1.6328	10	3	6	0	0.0000	1323	51.6806	NA	4775	F207,F225,F229
AF-Q96GE5-F1-model_v4.cif	1.6282	8	3	4	0	0.0000	643	70.4743	NA	34924	F207,F225,F229
AF-Q8ND82-F1-model_v4.cif	1.6199	8	3	6	0	0.0000	737	59.4919	NA	30075	F207,F225,F229
AF-P37275-F1-model_v4.cif	1.6182	10	3	6	0	0.0000	1124	49.2286	NA	12745	F207,F225,F229
AF-O94892-F1-model_v4.cif	1.6169	8	3	4	0	0.0000	652	72.2190	NA	6132	F207,F225,F229
AF-Q86UQ0-F1-model_v4.cif	1.6157	6	3	4	0	0.0000	364	53.8220	NA	26670	F207,F225,F229
AF-P52742-F1-model_v4.cif	1.6095	8	3	4	0	0.0000	658	73.9946	NA	14033	F207,F225,F229
AF-O75437-F1-model_v4.cif	1.6083	8	3	4	0	0.0000	659	69.4266	NA	5554	F207,F225,F229
AF-P0CG23-F1-model_v4.cif	1.6083	8	3	4	0	0.0000	659	65.6754	NA	8793	F207,F225,F229
AF-Q8NDQ6-F1-model_v4.cif	1.6071	8	3	4	0	0.0000	660	74.0225	NA	30201	F207,F225,F229
AF-P17021-F1-model_v4.cif	1.6047	8	3	4	0	0.0000	662	71.4836	NA	10248	F207,F225,F229
AF-Q8TD17-F1-model_v4.cif	1.5972	8	3	4	0	0.0000	642	59.7246	NA	31663	F207,F225,F229
AF-Q9Y2A4-F1-model_v4.cif	1.5939	8	3	4	0	0.0000	671	72.3242	NA	45387	F207,F225,F229
AF-Q6ZSB9-F1-model_v4.cif	1.5936	8	3	6	0	0.0000	765	53.2142	NA	25087	F207,F225,F229
AF-Q9Y5W3-F1-model_v4.cif	1.5927	6	3	4	0	0.0000	355	56.9281	NA	46272	F207,F225,F229
AF-Q92618-F1-model_v4.cif	1.5908	10	3	6	0	0.0000	1163	50.7475	NA	33493	F207,F225,F229
AF-P17040-F1-model_v4.cif	1.5903	10	3	4	0	0.0000	1043	54.8740	NA	10656	F207,F225,F229
AF-O60281-F7-model_v4.cif	1.5872	10	3	6	0	0.0000	1400	51.0847	NA	4912	F207,F225,F229
AF-Q9H7R5-F1-model_v4.cif	1.5856	8	3	4	0	0.0000	678	73.1346	NA	40155	F207,F225,F229
AF-O15015-F1-model_v4.cif	1.5848	10	3	6	0	0.0000	1832	50.2384	NA	3763	F207,F225,F229
AF-Q9HCZ1-F1-model_v4.cif	1.5833	8	3	4	0	0.0000	680	63.0886	NA	40861	F207,F225,F229
AF-O14978-F1-model_v4.cif	1.5798	8	3	4	0	0.0000	683	59.8863	NA	3705	F207,F225,F229
AF-Q9Y2H8-F1-model_v4.cif	1.5798	8	3	4	0	0.0000	683	56.9934	NA	45435	F207,F225,F229
AF-Q13351-F1-model_v4.cif	1.5772	6	3	4	0	0.0000	362	54.7660	NA	17641	F207,F225,F229
AF-P08048-F1-model_v4.cif	1.5725	8	3	6	0	0.0000	801	53.6722	NA	8125	F207,F225,F229
AF-Q8NAP3-F1-model_v4.cif	1.5694	10	3	6	0	0.0000	1195	44.6080	NA	29948	F207,F225,F229
AF-Q6ZMW2-F1-model_v4.cif	1.5616	8	3	4	0	0.0000	699	60.4464	NA	24696	F207,F225,F229
AF-A8MQ14-F1-model_v4.cif	1.5556	10	3	4	0	0.0000	1090	71.1140	NA	2390	F207,F225,F229
AF-P52740-F1-model_v4.cif	1.5539	8	3	4	0	0.0000	706	66.3298	NA	14090	F207,F225,F229
AF-Q8N7M2-F1-model_v4.cif	1.5531	8	3	4	0	0.0000	679	62.1860	NA	29478	F207,F225,F229
AF-Q6ZN18-F1-model_v4.cif	1.5501	6	3	6	0	0.0000	517	61.1783	NA	24728	F207,F225,F229
AF-Q9Y473-F1-model_v4.cif	1.5484	8	3	4	0	0.0000	711	59.9870	NA	45822	F207,F225,F229
AF-Q9UKN5-F1-model_v4.cif	1.5473	8	3	6	0	0.0000	801	44.6499	NA	44713	F207,F225,F229
AF-Q5MCW4-F1-model_v4.cif	1.5451	8	3	4	0	0.0000	686	76.2061	NA	21504	F207,F225,F229
AF-Q92766-F1-model_v4.cif	1.5433	10	3	6	0	0.0000	1687	47.6902	NA	33929	F207,F225,F229
AF-Q9Y2K1-F1-model_v4.cif	1.5424	8	3	4	0	0.0000	713	50.1516	NA	45495	F207,F225,F229
AF-Q15697-F1-model_v4.cif	1.5280	6	3	4	0	0.0000	407	59.3928	NA	19152	F207,F225,F229
AF-Q9H707-F1-model_v4.cif	1.5280	6	3	4	0	0.0000	407	59.0223	NA	39995	F207,F225,F229
AF-Q9BXA9-F1-model_v4.cif	1.5274	10	3	6	0	0.0000	1300	49.2983	NA	38208	F207,F225,F229
AF-Q8N8J6-F1-model_v4.cif	1.5271	8	3	4	0	0.0000	731	73.5510	NA	29629	F207,F225,F229
AF-P51523-F1-model_v4.cif	1.5198	8	3	4	0	0.0000	738	76.0712	NA	13751	F207,F225,F229
AF-Q14590-F1-model_v4.cif	1.5198	8	3	4	0	0.0000	738	66.7625	NA	18432	F207,F225,F229
AF-Q6BEB4-F1-model_v4.cif	1.5185	6	3	4	0	0.0000	398	52.9266	NA	23109	F207,F225,F229
AF-Q96K83-F1-model_v4.cif	1.5181	10	3	6	0	0.0000	1311	58.8196	NA	35543	F207,F225,F229
AF-O15060-F1-model_v4.cif	1.5166	8	3	4	0	0.0000	712	53.7112	NA	3768	F207,F225,F229
AF-Q96MU6-F1-model_v4.cif	1.5147	8	3	4	0	0.0000	729	63.2193	NA	35924	F207,F225,F229
AF-B2RXF5-F1-model_v4.cif	1.5145	6	3	4	0	0.0000	422	48.3480	NA	2660	F207,F225,F229
AF-Q9UNY5-F1-model_v4.cif	1.5096	6	3	4	0	0.0000	417	62.8108	NA	44921	F207,F225,F229
AF-Q9Y3M9-F1-model_v4.cif	1.5066	8	3	4	0	0.0000	751	74.2690	NA	45794	F207,F225,F229
AF-Q8NC26-F1-model_v4.cif	1.5045	6	3	4	0	0.0000	417	45.2163	NA	29919	F207,F225,F229
AF-Q7Z398-F1-model_v4.cif	1.5006	6	3	4	0	0.0000	422	66.1447	NA	25848	F207,F225,F229
AF-Q8IUQ4-F1-model_v4.cif	1.4991	4	3	4	0	0.0000	282	89.1407	NA	27429	F207,F225,F229
AF-Q8WVD3-F1-model_v4.cif	1.4978	4	3	4	0	0.0000	245	78.2282	NA	32386	F207,F225,F229
AF-Q9HBT7-F1-model_v4.cif	1.4967	8	3	4	0	0.0000	761	68.3843	NA	40546	F207,F225,F229
AF-Q9BSG1-F1-model_v4.cif	1.4953	6	3	4	0	0.0000	425	73.6272	NA	37671	F207,F225,F229
AF-Q8NAM6-F1-model_v4.cif	1.4952	6	3	4	0	0.0000	433	48.1086	NA	29765	F207,F225,F229
AF-Q9P0L1-F1-model_v4.cif	1.4894	8	3	4	0	0.0000	754	65.8141	NA	42912	F207,F225,F229
AF-Q05481-F1-model_v4.cif	1.4882	10	3	4	0	0.0000	1191	70.8830	NA	16722	F207,F225,F229
AF-Q9H5V7-F1-model_v4.cif	1.4850	6	3	4	0	0.0000	419	52.2729	NA	39886	F207,F225,F229
AF-Q8TF39-F1-model_v4.cif	1.4837	8	3	4	0	0.0000	744	64.9005	NA	32248	F207,F225,F229
AF-Q15916-F1-model_v4.cif	1.4762	6	3	4	0	0.0000	424	58.1594	NA	19406	F207,F225,F229
AF-Q9C0G0-F1-model_v4.cif	1.4693	12	3	6	0	0.0000	2248	45.3919	NA	38961	F207,F225,F229
AF-Q8IZ20-F1-model_v4.cif	1.4641	6	3	6	0	0.0000	524	49.1608	NA	28238	F207,F225,F229
AF-Q9UII5-F1-model_v4.cif	1.4616	8	3	4	0	0.0000	783	74.6911	NA	44089	F207,F225,F229
AF-P59817-F1-model_v4.cif	1.4607	6	3	4	0	0.0000	542	60.1335	NA	14797	F207,F225,F229
AF-Q9UH90-F1-model_v4.cif	1.4593	6	3	4	0	0.0000	709	73.6237	NA	43746	F207,F225,F229
AF-Q9NYT6-F1-model_v4.cif	1.4570	8	3	4	0	0.0000	803	64.7521	NA	42833	F207,F225,F229
AF-P10070-F1-model_v4.cif	1.4529	10	3	6	0	0.0000	1586	42.1773	NA	9408	F207,F225,F229
AF-Q9UK12-F1-model_v4.cif	1.4515	6	3	4	0	0.0000	451	66.9404	NA	44281	F207,F225,F229
AF-A6NN14-F1-model_v4.cif	1.4515	10	3	4	0	0.0000	1252	69.4565	NA	2193	F207,F225,F229
AF-Q96N77-F1-model_v4.cif	1.4475	6	3	4	0	0.0000	438	50.8341	NA	36018	F207,F225,F229
AF-Q4V348-F1-model_v4.cif	1.4427	8	3	4	0	0.0000	819	66.7168	NA	20799	F207,F225,F229
AF-P17023-F1-model_v4.cif	1.4404	6	3	4	0	0.0000	458	70.7527	NA	10171	F207,F225,F229
AF-P17036-F1-model_v4.cif	1.4394	6	3	4	0	0.0000	446	63.9269	NA	10187	F207,F225,F229
AF-O43345-F1-model_v4.cif	1.4355	10	3	4	0	0.0000	1280	70.1614	NA	4365	F207,F225,F229
AF-O14771-F1-model_v4.cif	1.4340	6	3	4	0	0.0000	459	64.8680	NA	3543	F207,F225,F229
AF-Q13105-F1-model_v4.cif	1.4281	8	3	4	0	0.0000	803	61.0990	NA	17652	F207,F225,F229
AF-Q96SE7-F1-model_v4.cif	1.4254	8	3	4	0	0.0000	839	67.7458	NA	36703	F207,F225,F229
AF-Q9Y2L8-F1-model_v4.cif	1.4254	8	3	4	0	0.0000	839	57.8512	NA	45460	F207,F225,F229
AF-P08151-F1-model_v4.cif	1.4253	8	3	6	0	0.0000	1106	45.3115	NA	8146	F207,F225,F229
AF-Q8IWY8-F1-model_v4.cif	1.4251	8	3	4	0	0.0000	852	57.6977	NA	27910	F207,F225,F229
AF-Q9ULD5-F1-model_v4.cif	1.4187	8	3	4	0	0.0000	831	57.2980	NA	44535	F207,F225,F229
AF-Q8WUU4-F1-model_v4.cif	1.4144	6	3	4	0	0.0000	475	57.1857	NA	32295	F207,F225,F229
AF-Q13360-F1-model_v4.cif	1.4055	6	3	4	0	0.0000	481	62.3033	NA	17660	F207,F225,F229
AF-Q8NCP5-F1-model_v4.cif	1.4038	6	3	6	0	0.0000	570	55.1678	NA	29993	F207,F225,F229
AF-Q9BSK1-F1-model_v4.cif	1.3997	6	3	4	0	0.0000	485	63.6725	NA	37656	F207,F225,F229
AF-O43255-F1-model_v4.cif	1.3986	4	3	4	0	0.0000	324	83.9040	NA	4241	F207,F225,F229
AF-Q8N587-F1-model_v4.cif	1.3983	6	3	4	0	0.0000	486	61.3228	NA	29108	F207,F225,F229
AF-P57071-F1-model_v4.cif	1.3975	10	3	6	0	0.0000	1507	49.1595	NA	14737	F207,F225,F229
AF-Q9H2S9-F1-model_v4.cif	1.3857	6	3	6	0	0.0000	585	48.9384	NA	39493	F207,F225,F229
AF-A6NJL1-F1-model_v4.cif	1.3855	6	3	4	0	0.0000	495	58.9765	NA	1978	F207,F225,F229
AF-Q9P1Z0-F1-model_v4.cif	1.3849	8	3	6	0	0.0000	1013	50.4815	NA	43045	F207,F225,F229
AF-Q9BUG6-F1-model_v4.cif	1.3841	6	3	4	0	0.0000	496	55.9996	NA	37813	F207,F225,F229
AF-Q8IX07-F1-model_v4.cif	1.3807	8	3	6	0	0.0000	1006	55.1006	NA	27968	F207,F225,F229
AF-Q9C0K0-F1-model_v4.cif	1.3774	8	3	4	0	0.0000	894	51.0581	NA	38932	F207,F225,F229
AF-Q8NHY6-F1-model_v4.cif	1.3736	8	3	4	0	0.0000	868	59.2845	NA	31356	F207,F225,F229
AF-Q8NCN2-F1-model_v4.cif	1.3733	6	3	4	0	0.0000	500	53.9849	NA	29977	F207,F225,F229
AF-Q96JB3-F1-model_v4.cif	1.3712	6	3	4	0	0.0000	615	50.4026	NA	35278	F207,F225,F229
AF-Q9UDV6-F1-model_v4.cif	1.3663	6	3	4	0	0.0000	495	54.0302	NA	43634	F207,F225,F229
AF-Q8TB52-F1-model_v4.cif	1.3639	6	3	4	0	0.0000	745	62.0639	NA	31508	F207,F225,F229
AF-Q8NAP8-F1-model_v4.cif	1.3616	6	3	4	0	0.0000	495	59.3732	NA	29778	F207,F225,F229
AF-P0DPD5-F1-model_v4.cif	1.3610	6	3	4	0	0.0000	513	72.8079	NA	9054	F207,F225,F229
AF-Q02086-F1-model_v4.cif	1.3578	6	3	6	0	0.0000	613	42.8753	NA	16126	F207,F225,F229
AF-Q96JG9-F14-model_v4.cif	1.3576	8	3	4	0	0.0000	1325	42.5061	NA	35307	F207,F225,F229
AF-Q9Y2G7-F1-model_v4.cif	1.3531	6	3	4	0	0.0000	519	71.9505	NA	45431	F207,F225,F229
AF-Q8NBF1-F1-model_v4.cif	1.3502	6	3	6	0	0.0000	620	52.8431	NA	29872	F207,F225,F229
AF-Q99592-F1-model_v4.cif	1.3492	6	3	4	0	0.0000	522	45.5447	NA	36956	F207,F225,F229
AF-A0A0U1RQI7-F1-model_v4.cif	1.3470	8	3	6	0	0.0000	1052	56.7807	NA	1239	F207,F225,F229
AF-O14901-F1-model_v4.cif	1.3388	6	3	4	0	0.0000	512	47.6987	NA	3578	F207,F225,F229
AF-Q6ZMV8-F1-model_v4.cif	1.3380	6	3	4	0	0.0000	503	73.0940	NA	24669	F207,F225,F229
AF-Q9NV72-F1-model_v4.cif	1.3377	6	3	4	0	0.0000	531	57.7872	NA	42047	F207,F225,F229
AF-Q9UL58-F1-model_v4.cif	1.3369	6	3	4	0	0.0000	517	50.6970	NA	44528	F207,F225,F229
AF-Q9GZX5-F1-model_v4.cif	1.3365	6	3	4	0	0.0000	532	57.6430	NA	39091	F207,F225,F229
AF-Q9C0D4-F1-model_v4.cif	1.3362	8	3	6	0	0.0000	1074	42.7863	NA	38934	F207,F225,F229
AF-Q969J2-F1-model_v4.cif	1.3327	6	3	4	0	0.0000	545	60.7459	NA	34083	F207,F225,F229
AF-Q9UFB7-F1-model_v4.cif	1.3309	6	3	4	0	0.0000	747	51.9012	NA	43611	F207,F225,F229
AF-Q13127-F1-model_v4.cif	1.3278	8	3	6	0	0.0000	1097	49.3214	NA	17571	F207,F225,F229
AF-Q15406-F1-model_v4.cif	1.3270	4	3	4	0	0.0000	480	77.3746	NA	18949	F207,F225,F229
AF-O43474-F1-model_v4.cif	1.3249	6	3	4	0	0.0000	513	48.2508	NA	4378	F207,F225,F229
AF-Q9NZV7-F1-model_v4.cif	1.3241	6	3	4	0	0.0000	527	49.2631	NA	42920	F207,F225,F229
AF-A8MT65-F1-model_v4.cif	1.3217	6	3	4	0	0.0000	544	56.6807	NA	2273	F207,F225,F229
AF-Q6NSZ9-F1-model_v4.cif	1.3217	6	3	4	0	0.0000	544	61.5521	NA	23438	F207,F225,F229
AF-O60281-F6-model_v4.cif	1.3181	8	3	4	0	0.0000	1400	49.4752	NA	4823	F207,F225,F229
AF-O60281-F5-model_v4.cif	1.3181	8	3	4	0	0.0000	1400	46.8435	NA	4871	F207,F225,F229
AF-Q7L2R6-F1-model_v4.cif	1.3122	6	3	4	0	0.0000	523	63.6157	NA	25631	F207,F225,F229
AF-Q03112-F1-model_v4.cif	1.3033	8	3	6	0	0.0000	1230	50.5128	NA	16555	F207,F225,F229
AF-Q8N1G0-F1-model_v4.cif	1.2996	8	3	6	0	0.0000	1237	52.1369	NA	28781	F207,F225,F229
AF-Q13398-F1-model_v4.cif	1.2980	6	3	4	0	0.0000	564	63.7303	NA	17682	F207,F225,F229
AF-O15156-F1-model_v4.cif	1.2925	6	3	4	0	0.0000	539	50.7133	NA	3834	F207,F225,F229
AF-Q8WW38-F1-model_v4.cif	1.2908	8	3	6	0	0.0000	1151	51.3412	NA	32591	F207,F225,F229
AF-Q9H0D2-F1-model_v4.cif	1.2892	8	3	6	0	0.0000	1346	43.8740	NA	39183	F207,F225,F229
AF-P21506-F1-model_v4.cif	1.2878	6	3	4	0	0.0000	573	61.9754	NA	10719	F207,F225,F229
AF-Q96BR9-F1-model_v4.cif	1.2854	4	3	4	0	0.0000	441	61.8540	NA	34370	F207,F225,F229
AF-Q96PN7-F1-model_v4.cif	1.2848	8	3	6	0	0.0000	1200	49.0509	NA	36218	F207,F225,F229
AF-Q8NDW4-F1-model_v4.cif	1.2811	6	3	4	0	0.0000	579	55.4158	NA	30203	F207,F225,F229
AF-Q2M3X9-F1-model_v4.cif	1.2789	6	3	4	0	0.0000	581	66.0142	NA	20000	F207,F225,F229
AF-O60315-F1-model_v4.cif	1.2769	8	3	6	0	0.0000	1214	49.6255	NA	4846	F207,F225,F229
AF-Q15911-F2-model_v4.cif	1.2745	8	3	4	0	0.0000	1400	55.4280	NA	19646	F207,F225,F229
AF-Q15911-F3-model_v4.cif	1.2745	8	3	4	0	0.0000	1400	56.2452	NA	19678	F207,F225,F229
AF-Q9UJQ4-F1-model_v4.cif	1.2692	8	3	4	0	0.0000	1053	50.6092	NA	44262	F207,F225,F229
AF-Q5TYW1-F1-model_v4.cif	1.2687	8	3	4	0	0.0000	1059	59.5533	NA	22299	F207,F225,F229
AF-Q96NJ3-F1-model_v4.cif	1.2648	6	3	4	0	0.0000	590	57.7261	NA	36001	F207,F225,F229
AF-O14709-F1-model_v4.cif	1.2616	8	3	4	0	0.0000	1029	66.4918	NA	3615	F207,F225,F229
AF-Q14929-F1-model_v4.cif	1.2553	6	3	4	0	0.0000	603	70.0423	NA	18618	F207,F225,F229
AF-Q9NUA8-F1-model_v4.cif	1.2494	8	3	6	0	0.0000	1239	64.8017	NA	42005	F207,F225,F229
AF-Q96JG9-F13-model_v4.cif	1.2434	8	3	6	0	0.0000	1400	41.6973	NA	35334	F207,F225,F229
AF-P52739-F1-model_v4.cif	1.2303	6	3	4	0	0.0000	623	47.3468	NA	14070	F207,F225,F229
AF-O14628-F1-model_v4.cif	1.2291	6	3	4	0	0.0000	629	54.6506	NA	3399	F207,F225,F229
AF-Q9NSC2-F1-model_v4.cif	1.2142	8	3	6	0	0.0000	1324	49.0094	NA	41687	F207,F225,F229
AF-P09237-F1-model_v4.cif	1.2138	4	3	4	0	0.0000	267	87.3049	NA	8318	F207,F225,F229
AF-Q96GC6-F1-model_v4.cif	1.2063	6	3	4	0	0.0000	653	60.1947	NA	34912	F207,F225,F229
AF-P10072-F1-model_v4.cif	1.2008	6	3	4	0	0.0000	659	66.5864	NA	9314	F207,F225,F229
AF-P08047-F1-model_v4.cif	1.1998	6	3	6	0	0.0000	785	38.9669	NA	8108	F207,F225,F229
AF-O95125-F1-model_v4.cif	1.1941	6	3	4	0	0.0000	648	59.0041	NA	6358	F207,F225,F229
AF-P10071-F1-model_v4.cif	1.1925	8	3	6	0	0.0000	1580	42.2970	NA	9426	F207,F225,F229
AF-A8MVS1-F1-model_v4.cif	1.1923	4	3	4	0	0.0000	300	62.6207	NA	2342	F207,F225,F229
AF-P0CH99-F1-model_v4.cif	1.1923	4	3	4	0	0.0000	300	61.4280	NA	8781	F207,F225,F229
AF-Q9NR83-F1-model_v4.cif	1.1917	4	3	4	0	0.0000	387	59.3304	NA	41373	F207,F225,F229
AF-Q9Y330-F1-model_v4.cif	1.1895	4	3	4	0	0.0000	459	45.2570	NA	45767	F207,F225,F229
AF-Q6IQ21-F1-model_v4.cif	1.1836	6	3	4	0	0.0000	691	54.2757	NA	23379	F207,F225,F229
AF-Q9NQ03-F1-model_v4.cif	1.1719	4	3	4	0	0.0000	307	54.5186	NA	41073	F207,F225,F229
AF-Q9UJW8-F1-model_v4.cif	1.1718	6	3	4	0	0.0000	692	60.9282	NA	44222	F207,F225,F229
AF-Q7Z3K3-F1-model_v4.cif	1.1712	8	3	6	0	0.0000	1410	56.8788	NA	25859	F207,F225,F229
AF-Q96JM2-F1-model_v4.cif	1.1559	10	3	6	0	0.0000	2506	49.3721	NA	35459	F207,F225,F229
AF-Q6ZNC4-F1-model_v4.cif	1.1550	4	3	4	0	0.0000	412	58.0883	NA	24697	F207,F225,F229
AF-Q6NX49-F1-model_v4.cif	1.1528	6	3	4	0	0.0000	715	62.3604	NA	23650	F207,F225,F229
AF-Q9NX65-F1-model_v4.cif	1.1514	6	3	4	0	0.0000	697	54.0592	NA	42439	F207,F225,F229
AF-O75840-F1-model_v4.cif	1.1472	4	3	4	0	0.0000	302	53.1019	NA	6207	F207,F225,F229
AF-A8MWA4-F1-model_v4.cif	1.1451	4	3	4	0	0.0000	300	61.6909	NA	2361	F207,F225,F229
AF-Q8N0Y2-F1-model_v4.cif	1.1420	4	3	4	0	0.0000	327	67.3637	NA	28457	F207,F225,F229
AF-O15090-F1-model_v4.cif	1.1224	8	3	4	0	0.0000	1300	47.5786	NA	3818	F207,F225,F229
AF-Q14526-F1-model_v4.cif	1.1189	6	3	4	0	0.0000	733	50.7024	NA	18376	F207,F225,F229
AF-Q13137-F1-model_v4.cif	1.1149	4	3	4	0	0.0000	446	80.0326	NA	17447	F207,F225,F229
AF-Q01101-F1-model_v4.cif	1.1147	4	3	4	0	0.0000	510	57.7986	NA	15933	F207,F225,F229
AF-Q9GZU2-F1-model_v4.cif	1.1061	8	3	6	0	0.0000	1588	45.9177	NA	39059	F207,F225,F229
AF-Q92784-F1-model_v4.cif	1.0982	4	3	4	0	0.0000	378	74.1577	NA	33657	F207,F225,F229
AF-Q9Y4E5-F1-model_v4.cif	1.0940	6	3	4	0	0.0000	1061	69.2398	NA	45981	F207,F225,F229
AF-Q8TCN5-F1-model_v4.cif	1.0889	6	3	6	0	0.0000	953	51.0460	NA	31647	F207,F225,F229
AF-O43422-F1-model_v4.cif	1.0793	4	3	4	0	0.0000	761	83.7893	NA	4351	F207,F225,F229
AF-Q9H582-F1-model_v4.cif	1.0780	6	3	4	0	0.0000	1327	46.6379	NA	39925	F207,F225,F229
AF-Q9H4Q4-F1-model_v4.cif	1.0772	4	3	4	0	0.0000	367	62.8043	NA	39804	F207,F225,F229
AF-Q9BWW7-F1-model_v4.cif	1.0687	4	3	4	0	0.0000	348	51.8155	NA	38079	F207,F225,F229
AF-Q7RTV3-F1-model_v4.cif	1.0601	4	3	4	0	0.0000	350	57.3755	NA	25890	F207,F225,F229
AF-Q7Z2E3-F1-model_v4.cif	1.0566	4	3	4	0	0.0000	356	81.0835	NA	25779	F207,F225,F229
AF-Q6NUJ1-F1-model_v4.cif	1.0452	4	3	4	0	0.0000	521	71.2224	NA	23449	F207,F225,F229
AF-Q92785-F1-model_v4.cif	1.0444	4	3	4	0	0.0000	391	68.3435	NA	33666	F207,F225,F229
AF-Q8N554-F1-model_v4.cif	1.0285	4	3	4	0	0.0000	614	55.1501	NA	29134	F207,F225,F229
AF-Q9H2P0-F1-model_v4.cif	1.0213	6	3	4	0	0.0000	1102	55.9911	NA	39550	F207,F225,F229
AF-Q96T92-F1-model_v4.cif	1.0191	4	3	4	0	0.0000	566	55.2392	NA	36887	F207,F225,F229
AF-Q8NBB4-F1-model_v4.cif	1.0165	4	3	4	0	0.0000	408	57.2826	NA	29819	F207,F225,F229
AF-O14545-F1-model_v4.cif	1.0050	4	3	4	0	0.0000	582	57.3348	NA	3416	F207,F225,F229
AF-Q96IT1-F1-model_v4.cif	1.0007	4	3	4	0	0.0000	587	53.8932	NA	35223	F207,F225,F229
AF-Q14147-F1-model_v4.cif	0.9943	6	3	6	0	0.0000	1143	80.4946	NA	18175	F207,F225,F229
AF-Q5T7W0-F1-model_v4.cif	0.9808	6	3	4	0	0.0000	954	64.5954	NA	22073	F207,F225,F229
AF-O96028-F1-model_v4.cif	0.9645	6	3	4	0	0.0000	1365	65.4409	NA	7165	F207,F225,F229
AF-Q92610-F1-model_v4.cif	0.9641	6	3	6	0	0.0000	1267	54.5541	NA	33750	F207,F225,F229
AF-P23327-F1-model_v4.cif	0.9639	4	3	4	0	0.0000	699	50.4823	NA	11126	F207,F225,F229
AF-Q9Y467-F1-model_v4.cif	0.9547	6	3	4	0	0.0000	1007	50.6782	NA	45789	F207,F225,F229
AF-Q9ULJ3-F1-model_v4.cif	0.9529	6	3	4	0	0.0000	1066	53.6816	NA	44584	F207,F225,F229
AF-P15918-F1-model_v4.cif	0.9508	6	3	4	0	0.0000	1043	81.2568	NA	10062	F207,F225,F229
AF-B1APH4-F1-model_v4.cif	0.9419	4	3	4	0	0.0000	448	45.2980	NA	2485	F207,F225,F229
AF-Q9NWS9-F1-model_v4.cif	0.9349	4	3	4	0	0.0000	450	56.7644	NA	42556	F207,F225,F229
AF-P0CG40-F1-model_v4.cif	0.9333	4	3	4	0	0.0000	484	45.7673	NA	8841	F207,F225,F229
AF-Q7Z2T5-F1-model_v4.cif	0.9298	4	3	4	0	0.0000	733	72.4832	NA	25814	F207,F225,F229
AF-P22894-F1-model_v4.cif	0.9178	4	3	4	0	0.0000	467	90.4197	NA	11042	F207,F225,F229
AF-P03956-F1-model_v4.cif	0.9158	4	3	4	0	0.0000	469	91.3942	NA	7504	F207,F225,F229
AF-Q8TBC5-F1-model_v4.cif	0.9144	4	3	4	0	0.0000	510	52.2162	NA	31529	F207,F225,F229
AF-Q96C00-F1-model_v4.cif	0.9119	4	3	4	0	0.0000	473	58.2606	NA	34463	F207,F225,F229
AF-Q15911-F7-model_v4.cif	0.9088	6	3	4	0	0.0000	1400	53.9186	NA	19663	F207,F225,F229
AF-Q86UP3-F5-model_v4.cif	0.9088	6	3	4	0	0.0000	1400	55.5799	NA	26793	F207,F225,F229
AF-Q86UP3-F1-model_v4.cif	0.9088	6	3	4	0	0.0000	1400	53.0467	NA	26798	F207,F225,F229
AF-Q86UP3-F7-model_v4.cif	0.9088	6	3	4	0	0.0000	1400	52.3163	NA	26848	F207,F225,F229
AF-Q86UP3-F4-model_v4.cif	0.9088	6	3	4	0	0.0000	1400	55.2505	NA	26864	F207,F225,F229
AF-Q15911-F4-model_v4.cif	0.9061	6	3	4	0	0.0000	1400	57.0490	NA	19644	F207,F225,F229
AF-O60882-F1-model_v4.cif	0.9024	4	3	4	0	0.0000	483	83.1851	NA	5179	F207,F225,F229
AF-Q86UP3-F3-model_v4.cif	0.8985	6	3	6	0	0.0000	1400	53.9365	NA	26791	F207,F225,F229
AF-P15822-F3-model_v4.cif	0.8984	6	3	6	0	0.0000	1400	41.4526	NA	10074	F207,F225,F229
AF-Q86VP1-F1-model_v4.cif	0.8962	4	3	4	0	0.0000	789	75.6217	NA	26940	F207,F225,F229
AF-Q9H5J0-F1-model_v4.cif	0.8912	4	3	4	0	0.0000	574	54.6803	NA	39887	F207,F225,F229
AF-Q9C0H6-F1-model_v4.cif	0.8865	4	3	4	0	0.0000	718	80.4977	NA	38953	F207,F225,F229
AF-Q5TC79-F1-model_v4.cif	0.8843	4	3	4	0	0.0000	503	54.8680	NA	22082	F207,F225,F229
AF-Q9H306-F1-model_v4.cif	0.8757	4	3	4	0	0.0000	513	80.8428	NA	39584	F207,F225,F229
AF-Q13422-F1-model_v4.cif	0.8706	4	3	4	0	0.0000	519	49.2623	NA	17678	F207,F225,F229
AF-Q9NR64-F1-model_v4.cif	0.8685	4	3	4	0	0.0000	748	78.4320	NA	41399	F207,F225,F229
AF-Q9GZV8-F1-model_v4.cif	0.8593	4	3	4	0	0.0000	571	60.0762	NA	39075	F207,F225,F229
AF-Q9NQX0-F1-model_v4.cif	0.8418	4	3	4	0	0.0000	595	55.5743	NA	41203	F207,F225,F229
AF-Q5JPB2-F1-model_v4.cif	0.8380	6	3	6	0	0.0000	1677	37.5435	NA	21586	F207,F225,F229
AF-Q13029-F1-model_v4.cif	0.8279	6	3	6	0	0.0000	1718	46.9837	NA	17535	F207,F225,F229
AF-O95785-F1-model_v4.cif	0.8273	6	3	6	0	0.0000	1651	48.3484	NA	6908	F207,F225,F229
AF-O15209-F1-model_v4.cif	0.7877	4	3	4	0	0.0000	634	51.3647	NA	3853	F207,F225,F229
AF-Q6NUN9-F1-model_v4.cif	0.7815	4	3	4	0	0.0000	644	51.6147	NA	23576	F207,F225,F229
AF-Q9Y5R2-F1-model_v4.cif	0.7809	4	3	4	0	0.0000	645	74.0507	NA	46329	F207,F225,F229
AF-Q9H4Q3-F1-model_v4.cif	0.7722	4	3	4	0	0.0000	707	52.5146	NA	39798	F207,F225,F229
AF-Q9UDV7-F1-model_v4.cif	0.7696	4	3	4	0	0.0000	671	54.9370	NA	43602	F207,F225,F229
AF-Q9BVI0-F1-model_v4.cif	0.7589	4	3	4	0	0.0000	1012	53.4545	NA	37986	F207,F225,F229
AF-Q9H4I2-F1-model_v4.cif	0.7582	4	3	4	0	0.0000	956	59.3317	NA	39796	F207,F225,F229
AF-Q9NQV8-F1-model_v4.cif	0.7556	4	3	4	0	0.0000	689	53.8021	NA	41235	F207,F225,F229
AF-Q2VWA4-F1-model_v4.cif	0.7508	4	3	4	0	0.0000	1001	52.1063	NA	20239	F207,F225,F229
AF-Q9HC78-F1-model_v4.cif	0.7286	4	3	4	0	0.0000	741	47.5050	NA	40599	F207,F225,F229
AF-Q6IQ32-F1-model_v4.cif	0.7179	4	3	4	0	0.0000	1131	56.4517	NA	23506	F207,F225,F229
AF-Q02446-F1-model_v4.cif	0.7083	4	3	4	0	0.0000	784	37.7643	NA	16209	F207,F225,F229
AF-P31629-F1-model_v4.cif	0.7025	6	3	4	0	0.0000	2446	36.0629	NA	12229	F207,F225,F229
AF-Q5T1R4-F1-model_v4.cif	0.7020	6	3	6	0	0.0000	2406	37.7848	NA	22124	F207,F225,F229
AF-Q9C0A1-F1-model_v4.cif	0.6766	4	3	4	0	0.0000	2572	47.1778	NA	38888	F207,F225,F229
AF-Q96JG9-F11-model_v4.cif	0.6728	4	3	4	0	0.0000	1400	40.1421	NA	35333	F207,F225,F229
AF-Q9UHF7-F1-model_v4.cif	0.6550	4	3	4	0	0.0000	1281	48.8464	NA	43952	F207,F225,F229
AF-Q01954-F1-model_v4.cif	0.6513	4	3	4	0	0.0000	994	54.3746	NA	16164	F207,F225,F229
AF-Q15911-F10-model_v4.cif	0.6453	4	3	4	0	0.0000	1400	52.6135	NA	19686	F207,F225,F229
AF-Q15911-F5-model_v4.cif	0.6453	4	3	4	0	0.0000	1400	57.6307	NA	19789	F207,F225,F229
AF-P15822-F1-model_v4.cif	0.6293	4	3	4	0	0.0000	1400	42.9184	NA	10101	F207,F225,F229
AF-O15014-F1-model_v4.cif	0.6268	4	3	4	0	0.0000	1411	45.1865	NA	3867	F207,F225,F229
AF-Q15911-F8-model_v4.cif	0.6266	4	3	4	0	0.0000	1400	53.5446	NA	19660	F207,F225,F229
AF-O60486-F1-model_v4.cif	0.5999	4	3	4	0	0.0000	1568	79.5359	NA	4950	F207,F225,F229
AF-Q96JG9-F10-model_v4.cif	0.5488	4	3	4	0	0.0000	1400	39.3980	NA	35309	F207,F225,F229
AF-Q68CP9-F1-model_v4.cif	0.5473	4	3	4	0	0.0000	1835	51.0562	NA	22900	F207,F225,F229
AF-O75592-F17-model_v4.cif	0.5328	4	3	4	0	0.0000	1400	72.0218	NA	5774	F207,F225,F229
AF-P15822-F2-model_v4.cif	0.5301	4	3	4	0	0.0000	1400	41.6354	NA	10200	F207,F225,F229
